Neighborhood,OverallQual,GrLivArea,YearBuilt,Bedrooms,FullBath,GarageCars,LotArea,SalePrice,QualityGroup
BrkSide,4,1726,1963,4,1,2,9055,188300,Low/Medium Quality
CollgCr,6,2292,1921,5,2,2,12134,267200,Medium Quality
BrkSide,5,2063,2001,3,2,2,9699,254400,Low/Medium Quality
Edwards,6,2379,1952,4,1,3,16192,230600,Medium Quality
NoRidge,8,2339,1996,4,2,2,10937,390200,High Quality
BrDale,3,1546,1941,3,1,3,8963,156900,Low/Medium Quality
Edwards,6,2159,1956,3,2,2,11942,215400,Medium Quality
BrkSide,6,2029,1955,4,2,3,16532,218400,Medium Quality
Somerst,7,2020,1943,4,3,3,13792,275100,High Quality
CollgCr,7,2043,1970,3,3,1,12737,265900,High Quality
NWAmes,5,1513,1988,4,2,2,7010,255400,Low/Medium Quality
MeadowV,3,1587,1902,3,2,2,8174,136400,Low/Medium Quality
OldTown,3,1407,1916,3,2,1,7339,161300,Low/Medium Quality
BrkSide,2,1027,1994,3,2,2,15627,172900,Low/Medium Quality
CollgCr,6,1748,1971,4,3,2,14352,243600,Medium Quality
Veenker,6,1556,2010,2,3,2,9096,302300,Medium Quality
OldTown,4,1962,1968,4,2,2,10948,200500,Low/Medium Quality
NoRidge,4,1647,1992,3,3,2,9405,315500,Low/Medium Quality
BrkSide,3,1138,2000,4,1,1,8175,131200,Low/Medium Quality
OldTown,6,2262,1974,4,2,2,15135,217900,Medium Quality
Edwards,4,1423,1938,3,2,1,10839,181900,Low/Medium Quality
NWAmes,6,1487,1966,5,3,4,19258,284200,Medium Quality
BrDale,2,1617,1925,3,2,0,16610,154000,Low/Medium Quality
IDOTRR,6,1792,1936,4,1,2,17167,209900,Medium Quality
BrkSide,4,1476,1976,3,3,1,14301,158700,Low/Medium Quality
Timber,7,2174,1928,4,2,4,11868,297100,High Quality
CollgCr,9,2919,1982,4,2,2,16930,339200,High Quality
StoneBr,10,2707,1984,5,3,3,13193,379900,High Quality
Somerst,6,1560,1945,3,2,2,17825,280900,Medium Quality
Edwards,4,1810,1906,3,1,2,14034,198500,Low/Medium Quality
Edwards,4,1450,1979,3,2,3,12818,198300,Low/Medium Quality
BrDale,5,2460,1990,4,2,3,14364,212200,Low/Medium Quality
Gilbert,6,1979,1988,3,3,2,19048,242700,Medium Quality
NWAmes,5,1017,1954,3,2,2,6015,251400,Low/Medium Quality
CollgCr,8,2465,1980,5,3,1,20364,302500,High Quality
Timber,6,2660,1957,3,2,2,13668,306400,Medium Quality
Somerst,9,3071,1951,4,4,2,10220,323500,High Quality
CollgCr,6,2620,1944,3,1,2,11607,278700,Medium Quality
Veenker,9,2163,1936,5,2,1,7548,308300,High Quality
Edwards,5,2119,2008,4,2,2,15525,227500,Low/Medium Quality
CollgCr,7,1907,1982,4,2,1,9179,281100,High Quality
BrkSide,4,1698,1921,2,2,2,12986,167700,Low/Medium Quality
Edwards,4,1174,1997,3,2,1,15317,152400,Low/Medium Quality
Gilbert,6,1754,1924,4,2,1,10155,239200,Medium Quality
BrkSide,6,1743,1967,3,2,3,11547,180900,Medium Quality
BrkSide,5,2114,1920,5,2,2,8666,195500,Low/Medium Quality
NWAmes,4,1900,1947,5,2,2,11440,225700,Low/Medium Quality
Gilbert,4,1716,1980,3,2,3,21441,249500,Low/Medium Quality
Edwards,3,967,2010,2,2,1,13656,203100,Low/Medium Quality
Somerst,4,1510,2010,3,2,3,11093,227800,Low/Medium Quality
Timber,6,1718,2010,5,1,1,10295,319300,Medium Quality
NridgHt,9,2824,1946,5,3,3,14498,387700,High Quality
BrkSide,4,2032,1912,4,2,1,13519,190800,Low/Medium Quality
Edwards,2,1629,2001,3,2,1,10791,150800,Low/Medium Quality
Edwards,4,1355,2003,2,2,2,13565,207900,Low/Medium Quality
BrkSide,4,661,1932,3,3,2,6984,155500,Low/Medium Quality
CollgCr,8,1721,1911,3,2,3,9087,266800,High Quality
OldTown,3,1937,1973,3,1,2,14169,156500,Low/Medium Quality
Somerst,6,1839,1920,4,1,2,8587,268200,Medium Quality
Somerst,8,2077,1916,4,2,3,15705,309000,High Quality
Edwards,5,2374,2005,4,3,2,13698,222600,Low/Medium Quality
CollgCr,7,2602,1963,4,3,3,7806,315100,High Quality
OldTown,5,1808,1914,4,1,2,12999,213500,Low/Medium Quality
Edwards,5,1697,1974,5,2,2,6495,190800,Low/Medium Quality
OldTown,5,1753,1942,4,2,1,14932,220400,Low/Medium Quality
OldTown,4,1699,1960,4,2,2,11527,191200,Low/Medium Quality
OldTown,6,2540,2000,4,1,1,20558,233000,Medium Quality
Gilbert,4,1767,1934,3,1,2,16283,230600,Low/Medium Quality
NridgHt,8,2594,1992,5,3,3,10475,386900,High Quality
CollgCr,6,2389,2000,4,1,2,6705,234300,Medium Quality
Veenker,6,1570,1959,2,2,2,9497,270500,Medium Quality
NWAmes,6,2244,2010,4,2,3,9213,252300,Medium Quality
BrkSide,4,1516,1951,3,2,0,18422,201400,Low/Medium Quality
Gilbert,4,739,1958,2,2,1,10441,227900,Low/Medium Quality
StoneBr,7,1415,2010,4,2,2,15096,350800,High Quality
Gilbert,4,1263,1977,3,2,0,10528,208200,Low/Medium Quality
Gilbert,6,2165,2003,5,2,1,12701,245300,Medium Quality
Edwards,3,1479,1988,3,1,2,11843,170900,Low/Medium Quality
OldTown,5,1864,1980,4,2,3,16600,246600,Low/Medium Quality
BrkSide,3,2122,1928,3,2,2,14334,174500,Low/Medium Quality
Edwards,4,1175,1945,3,3,2,7649,132100,Low/Medium Quality
NWAmes,5,1790,2003,4,2,2,18258,268500,Low/Medium Quality
BrkSide,6,2086,1969,3,3,2,12147,244300,Medium Quality
Timber,7,1902,1942,3,2,2,11209,314200,High Quality
NridgHt,8,2349,1957,4,2,2,3794,386200,High Quality
NoRidge,8,1780,2006,4,2,2,14780,378300,High Quality
Edwards,2,1753,1921,4,1,2,12859,171300,Low/Medium Quality
CollgCr,6,1741,1921,3,2,3,12831,216900,Medium Quality
Somerst,9,3230,1996,5,4,3,14050,349000,High Quality
CollgCr,6,1968,1940,3,3,2,10922,270200,Medium Quality
Somerst,6,2339,1996,2,2,1,12384,287100,Medium Quality
Edwards,5,1781,1960,3,2,3,14183,203900,Low/Medium Quality
CollgCr,7,2149,2010,5,3,3,15534,272400,High Quality
NWAmes,3,1235,1965,2,2,2,10661,193500,Low/Medium Quality
Gilbert,4,1661,2003,3,1,1,15643,266400,Low/Medium Quality
OldTown,5,1911,1995,5,2,2,12545,244300,Low/Medium Quality
NWAmes,5,1525,1931,3,2,1,10285,224500,Low/Medium Quality
NoRidge,9,2476,2010,4,3,3,14646,394900,High Quality
Somerst,6,1766,1994,2,2,3,7774,265500,Medium Quality
BrDale,2,2064,1911,5,1,2,13942,175300,Low/Medium Quality
IDOTRR,3,1408,1900,3,1,2,6418,180100,Low/Medium Quality
Edwards,1,1620,1931,3,1,0,8642,122900,Low/Medium Quality
Gilbert,5,1731,1909,5,2,2,5396,239700,Low/Medium Quality
BrDale,4,1710,1939,4,3,3,11807,189600,Low/Medium Quality
BrkSide,4,1157,2010,2,2,1,16947,187200,Low/Medium Quality
Edwards,6,1823,1954,3,2,2,12236,239800,Medium Quality
CollgCr,7,2233,1911,4,2,3,15718,310900,High Quality
Gilbert,5,2355,1962,3,3,2,21943,254100,Low/Medium Quality
NoRidge,5,1877,1945,2,2,4,14168,346500,Low/Medium Quality
IDOTRR,5,2284,1994,4,2,1,10889,202400,Low/Medium Quality
CollgCr,7,2384,1918,3,2,1,11571,258400,High Quality
Timber,7,2729,1996,6,3,3,14460,327100,High Quality
Gilbert,7,2139,1957,4,3,1,11062,274500,High Quality
OldTown,3,2276,1904,3,1,1,11598,187400,Low/Medium Quality
Timber,9,2350,1986,3,3,2,17148,304900,High Quality
BrkSide,3,1171,1952,1,2,2,14933,156300,Low/Medium Quality
Edwards,5,1376,1986,2,2,2,5987,187300,Low/Medium Quality
Edwards,3,2255,1969,5,1,2,10646,185900,Low/Medium Quality
CollgCr,5,2086,1995,6,2,2,11547,269900,Low/Medium Quality
OldTown,6,1863,1952,4,2,3,14822,222100,Medium Quality
OldTown,4,2057,1902,4,2,4,17114,217600,Low/Medium Quality
OldTown,6,2220,1916,4,2,2,22896,197600,Medium Quality
NoRidge,8,3028,1971,4,2,2,13426,374900,High Quality
NWAmes,6,1438,1951,5,2,1,10420,261700,Medium Quality
StoneBr,9,2427,2007,4,3,2,15913,376300,High Quality
CollgCr,6,1818,1954,5,2,2,10248,257900,Medium Quality
NWAmes,3,749,2002,4,2,1,10004,196400,Low/Medium Quality
Somerst,5,2171,1932,2,2,2,11889,290700,Low/Medium Quality
Somerst,7,2065,1954,3,3,3,3954,313400,High Quality
OldTown,5,2058,1985,3,2,3,13547,238000,Low/Medium Quality
Timber,4,2445,1925,4,2,2,13251,272900,Low/Medium Quality
MeadowV,3,1316,1935,3,1,1,16081,128400,Low/Medium Quality
OldTown,4,1472,1984,6,1,3,11963,228000,Low/Medium Quality
NWAmes,5,1841,1972,3,2,2,8290,261200,Low/Medium Quality
OldTown,3,1785,1987,4,2,0,11666,171400,Low/Medium Quality
NridgHt,7,1961,1977,4,2,3,5603,382900,High Quality
BrDale,3,1219,1994,3,2,2,7199,153400,Low/Medium Quality
CollgCr,7,2530,2005,4,2,0,16284,309900,High Quality
BrkSide,5,1932,2009,3,1,1,11998,233800,Low/Medium Quality
NoRidge,8,1624,1934,3,3,2,15476,322800,High Quality
CollgCr,5,1371,1974,4,2,2,4857,250900,Low/Medium Quality
CollgCr,6,2505,1921,4,2,2,13161,284700,Medium Quality
MeadowV,3,1580,1925,4,1,1,10495,196800,Low/Medium Quality
OldTown,3,1173,1935,4,2,2,14691,149800,Low/Medium Quality
CollgCr,5,1740,1980,4,3,2,14834,277700,Low/Medium Quality
Gilbert,5,1804,1955,4,2,2,14855,242000,Low/Medium Quality
NWAmes,4,1877,2003,3,2,1,18148,217000,Low/Medium Quality
CollgCr,6,1504,1941,3,3,1,10719,239100,Medium Quality
CollgCr,7,1865,1976,3,1,3,17402,275700,High Quality
NridgHt,6,2075,2004,4,3,2,9495,333300,Medium Quality
BrkSide,4,1585,2009,3,3,2,8386,200100,Low/Medium Quality
IDOTRR,4,1820,1926,3,1,1,15274,184900,Low/Medium Quality
Somerst,7,1729,1992,2,2,2,7191,289000,High Quality
OldTown,4,1744,1911,2,1,3,14492,178100,Low/Medium Quality
Somerst,5,2182,1971,4,2,1,13718,270000,Low/Medium Quality
Edwards,3,1610,1947,2,1,2,15971,179000,Low/Medium Quality
Gilbert,6,2028,2010,3,3,3,12847,274700,Medium Quality
Edwards,6,1946,1987,3,2,3,13088,244600,Medium Quality
Edwards,2,967,2003,2,1,1,12716,163000,Low/Medium Quality
Edwards,5,1774,1995,4,2,1,10228,178000,Low/Medium Quality
Somerst,8,2780,1957,5,3,2,12088,305700,High Quality
MeadowV,4,1578,1980,3,1,1,13816,170600,Low/Medium Quality
Gilbert,6,1668,1911,3,1,1,12233,253200,Medium Quality
NridgHt,7,1987,1982,4,4,3,11548,382300,High Quality
OldTown,4,1690,1907,3,1,2,12090,212500,Low/Medium Quality
NWAmes,4,1489,1987,3,2,1,17558,228000,Low/Medium Quality
BrkSide,2,1429,2008,4,1,2,10307,187700,Low/Medium Quality
BrkSide,6,2162,1976,5,3,2,11671,194500,Medium Quality
Gilbert,4,1931,2000,4,3,3,6885,258100,Low/Medium Quality
BrDale,4,2118,1925,5,2,2,13087,164400,Low/Medium Quality
Gilbert,4,1968,2010,2,1,2,15235,247000,Low/Medium Quality
CollgCr,4,1293,1969,4,1,2,14512,283900,Low/Medium Quality
Gilbert,5,1483,1982,4,2,3,12344,248000,Low/Medium Quality
MeadowV,3,1413,1984,4,1,1,15171,140100,Low/Medium Quality
Timber,7,2002,1982,4,1,2,15563,301700,High Quality
StoneBr,8,1941,1954,4,3,2,16777,338800,High Quality
CollgCr,6,1825,1976,3,2,2,16095,244200,Medium Quality
BrDale,4,1453,1971,4,3,2,17400,211300,Low/Medium Quality
IDOTRR,6,1744,1994,3,3,2,11894,218000,Medium Quality
Edwards,3,1329,1954,4,1,2,7013,178700,Low/Medium Quality
IDOTRR,4,2032,1955,2,2,2,15387,176700,Low/Medium Quality
IDOTRR,5,1869,1955,3,1,1,15469,176600,Low/Medium Quality
CollgCr,7,3025,1921,6,3,3,20544,326000,High Quality
Gilbert,4,1679,1917,3,2,2,16842,228800,Low/Medium Quality
Edwards,4,1518,1904,3,1,1,18845,116200,Low/Medium Quality
Edwards,6,1981,1975,3,2,2,15131,262000,Medium Quality
NWAmes,6,2069,1954,4,2,1,13938,255200,Medium Quality
NoRidge,8,2492,2010,3,2,2,9136,383500,High Quality
Edwards,4,2346,1979,4,2,2,14770,233000,Low/Medium Quality
Gilbert,5,1504,1923,4,2,1,10074,230900,Low/Medium Quality
MeadowV,4,1920,1911,3,3,3,13580,188200,Low/Medium Quality
Gilbert,5,1872,1948,4,1,1,12934,229700,Low/Medium Quality
Somerst,6,1430,2010,4,3,2,13511,249500,Medium Quality
BrkSide,5,2069,1907,5,1,3,12797,207700,Low/Medium Quality
Somerst,5,2243,1932,4,2,3,16758,303100,Low/Medium Quality
Timber,7,1859,1915,6,2,2,3186,266600,High Quality
OldTown,8,2336,1947,5,2,2,14336,224800,High Quality
IDOTRR,2,656,2008,3,2,0,14520,150800,Low/Medium Quality
Timber,7,1719,1987,3,3,2,18983,279100,High Quality
Gilbert,5,2166,1962,4,3,1,15893,240700,Low/Medium Quality
BrkSide,5,1636,1917,5,2,1,18169,175700,Low/Medium Quality
BrDale,4,1231,1939,4,2,1,12053,155300,Low/Medium Quality
CollgCr,7,2240,1966,5,2,2,13490,251000,High Quality
Somerst,8,2157,1942,4,2,3,15166,291000,High Quality
NridgHt,8,2175,1998,3,2,1,13338,369200,High Quality
Gilbert,7,2418,2010,4,2,2,11097,288800,High Quality
Somerst,3,1033,1934,2,2,1,9262,238600,Low/Medium Quality
Edwards,6,1663,1929,2,1,2,8433,234400,Medium Quality
Somerst,7,2213,1925,4,2,3,15275,318400,High Quality
CollgCr,7,2499,1988,5,3,2,14037,307000,High Quality
Edwards,3,1873,1952,4,2,0,11484,174600,Low/Medium Quality
OldTown,3,1207,1933,3,1,2,9430,152500,Low/Medium Quality
Timber,7,2488,1936,4,2,3,15743,305000,High Quality
BrkSide,4,1345,1909,2,2,2,14421,180300,Low/Medium Quality
Edwards,5,2439,1954,4,1,1,9921,229300,Low/Medium Quality
Edwards,6,1583,1977,2,3,3,7659,223900,Medium Quality
Somerst,4,2084,1937,2,2,1,16508,253600,Low/Medium Quality
Somerst,7,1930,1912,4,3,3,8047,295100,High Quality
MeadowV,4,2324,1952,3,1,2,15564,211100,Low/Medium Quality
NWAmes,5,2006,1982,4,3,2,18671,268000,Low/Medium Quality
Gilbert,4,1264,1945,4,2,3,17195,221200,Low/Medium Quality
CollgCr,6,1797,1936,3,2,2,15176,238500,Medium Quality
Edwards,2,1533,1918,4,1,1,14546,143200,Low/Medium Quality
BrDale,5,2168,1982,3,2,3,21217,196200,Low/Medium Quality
Gilbert,4,1595,2002,2,2,1,4019,235900,Low/Medium Quality
MeadowV,4,1635,1984,3,3,2,10644,184300,Low/Medium Quality
NridgHt,8,2605,1978,4,3,1,17179,348000,High Quality
OldTown,6,2026,1981,3,2,1,11871,205200,Medium Quality
OldTown,4,1167,1945,5,1,2,15673,177200,Low/Medium Quality
Somerst,5,1515,1914,2,1,2,11892,232500,Low/Medium Quality
Somerst,6,2062,1952,4,3,1,13585,281700,Medium Quality
CollgCr,7,2585,1986,3,2,3,13208,292100,High Quality
BrDale,5,2365,1971,5,3,1,11901,189000,Low/Medium Quality
OldTown,4,1892,2010,4,2,3,10869,210700,Low/Medium Quality
MeadowV,4,1720,2009,4,2,1,13389,183800,Low/Medium Quality
BrkSide,3,1702,1928,3,1,1,9693,154900,Low/Medium Quality
CollgCr,6,1746,1910,3,3,2,15828,243100,Medium Quality
BrkSide,2,1206,1932,4,1,1,13698,157400,Low/Medium Quality
NridgHt,9,2231,2010,5,3,3,17309,373100,High Quality
Somerst,6,1542,2001,4,3,2,8132,243300,Medium Quality
BrkSide,7,2276,1912,3,2,2,7603,192700,High Quality
BrkSide,3,1504,1919,4,1,2,11993,160500,Low/Medium Quality
Gilbert,6,2220,1969,6,3,1,23585,235100,Medium Quality
CollgCr,8,2531,1981,4,3,1,18493,286900,High Quality
OldTown,6,2064,2010,5,2,2,11187,255600,Medium Quality
IDOTRR,3,1634,1983,3,1,1,13753,139900,Low/Medium Quality
OldTown,5,1785,1925,3,1,1,15116,184400,Low/Medium Quality
NWAmes,6,2124,1912,4,3,3,8458,294300,Medium Quality
NWAmes,6,1725,1977,4,3,2,17243,258800,Medium Quality
CollgCr,5,1929,1969,3,3,1,12272,243600,Low/Medium Quality
OldTown,4,1853,2003,3,2,1,12388,194600,Low/Medium Quality
IDOTRR,2,1025,1963,4,1,1,11133,143800,Low/Medium Quality
CollgCr,6,1998,1964,5,3,3,17001,299700,Medium Quality
Gilbert,6,1761,1941,5,2,3,9878,241400,Medium Quality
Gilbert,5,1615,1917,5,2,2,6255,215900,Low/Medium Quality
Edwards,3,1046,1998,3,3,2,12222,147600,Low/Medium Quality
BrkSide,6,2423,1992,4,2,1,6693,227800,Medium Quality
Somerst,7,2532,1929,5,3,2,13010,270600,High Quality
NoRidge,7,2348,1998,5,2,2,17850,354800,High Quality
OldTown,4,2310,1942,3,2,2,15646,187900,Low/Medium Quality
Somerst,4,1553,1960,2,3,2,15754,269400,Low/Medium Quality
BrkSide,3,2501,1995,4,2,2,16173,200500,Low/Medium Quality
Gilbert,5,1720,2000,3,2,2,20876,254600,Low/Medium Quality
Somerst,8,2429,1932,4,2,2,11799,272600,High Quality
MeadowV,3,1300,1933,4,2,1,12993,145700,Low/Medium Quality
Timber,7,2290,2002,5,2,2,12046,284300,High Quality
Gilbert,5,2092,2008,5,2,2,16532,251600,Low/Medium Quality
Somerst,7,2120,1920,2,2,2,13024,322500,High Quality
Somerst,6,2601,2003,4,3,2,20217,319900,Medium Quality
NridgHt,9,2603,1974,5,3,2,12348,383400,High Quality
StoneBr,7,2254,1984,3,2,1,18432,406800,High Quality
Timber,4,1301,1920,3,1,2,13677,223100,Low/Medium Quality
StoneBr,6,2126,1994,3,3,3,13138,370400,Medium Quality
OldTown,4,1573,1976,3,2,2,14044,162100,Low/Medium Quality
Edwards,3,1227,1974,4,1,1,12368,163800,Low/Medium Quality
NWAmes,6,1708,1994,5,1,2,13661,229700,Medium Quality
Gilbert,5,2735,2010,4,2,1,13745,277300,Low/Medium Quality
CollgCr,9,2427,2002,4,2,3,11398,313100,High Quality
IDOTRR,2,750,1981,3,1,1,9327,126000,Low/Medium Quality
BrkSide,5,1555,2009,4,2,1,6218,216300,Low/Medium Quality
StoneBr,6,1961,1994,4,2,2,15868,329600,Medium Quality
Timber,6,2171,1985,4,2,2,9018,297500,Medium Quality
Gilbert,6,2174,1967,5,2,3,12586,282000,Medium Quality
Gilbert,3,1676,1992,4,2,1,14620,197000,Low/Medium Quality
OldTown,5,1574,1909,2,3,2,15085,172200,Low/Medium Quality
NWAmes,8,2459,1963,5,2,3,7706,291400,High Quality
StoneBr,7,1853,1966,4,3,2,12384,351100,High Quality
NWAmes,6,1763,2008,4,1,2,14135,283600,Medium Quality
CollgCr,7,1838,1916,4,3,2,12858,255200,High Quality
Somerst,6,1564,1982,3,2,1,16832,259600,Medium Quality
BrkSide,4,1992,1922,4,2,2,10107,174500,Low/Medium Quality
StoneBr,5,2041,2010,4,2,2,5910,342900,Low/Medium Quality
MeadowV,5,2141,1993,2,2,2,16118,193300,Low/Medium Quality
NoRidge,8,2353,1946,4,3,2,11826,357000,High Quality
BrkSide,3,1711,1997,3,1,2,6267,186200,Low/Medium Quality
IDOTRR,4,1003,1954,2,2,3,10451,169700,Low/Medium Quality
BrDale,3,1742,2006,5,1,1,16790,164700,Low/Medium Quality
BrkSide,4,1681,1982,4,2,1,7940,173400,Low/Medium Quality
BrkSide,5,2019,1905,4,2,2,21213,203700,Low/Medium Quality
OldTown,3,1573,1924,3,2,2,9213,117900,Low/Medium Quality
BrkSide,6,1634,1946,4,2,2,12572,189700,Medium Quality
Somerst,5,1275,1935,4,2,4,7283,235000,Low/Medium Quality
OldTown,4,1370,1916,2,1,2,11885,194900,Low/Medium Quality
CollgCr,8,2537,2010,4,3,3,13605,300600,High Quality
BrkSide,6,2221,1997,5,2,2,8228,216100,Medium Quality
CollgCr,6,1501,1956,2,2,1,21892,243000,Medium Quality
NWAmes,5,1456,1931,3,2,2,10178,216900,Low/Medium Quality
OldTown,4,1366,1921,3,2,2,10001,166800,Low/Medium Quality
Gilbert,6,1854,2008,3,2,2,16099,262300,Medium Quality
Somerst,6,1503,1948,3,2,2,18355,254900,Medium Quality
CollgCr,6,1482,1910,3,2,2,15906,232300,Medium Quality
NWAmes,6,1692,1951,5,4,2,8179,227600,Medium Quality
Gilbert,5,1830,1957,3,3,2,13408,222000,Low/Medium Quality
NWAmes,4,1206,1976,3,2,2,4827,221800,Low/Medium Quality
NWAmes,5,1759,1945,5,3,2,15673,244100,Low/Medium Quality
Gilbert,7,2530,2009,4,1,1,8336,257000,High Quality
NWAmes,4,1164,1978,4,1,2,8516,233600,Low/Medium Quality
Edwards,4,1547,2010,3,2,1,12082,205400,Low/Medium Quality
Gilbert,5,2158,1948,5,1,2,14873,267900,Low/Medium Quality
MeadowV,4,1473,1971,4,2,2,11032,595000,Low/Medium Quality
MeadowV,4,1419,1940,3,2,3,17154,177400,Low/Medium Quality
CollgCr,8,2747,1985,4,3,2,17025,344300,High Quality
Gilbert,6,1872,1990,3,2,2,15000,252400,Medium Quality
OldTown,3,1826,1937,4,2,2,8349,163000,Low/Medium Quality
BrkSide,5,1950,2005,4,2,1,18847,179400,Low/Medium Quality
OldTown,4,1500,1996,3,2,2,9189,222900,Low/Medium Quality
BrkSide,4,1787,2000,3,1,1,18655,225400,Low/Medium Quality
OldTown,5,1912,1925,3,3,1,19901,176400,Low/Medium Quality
OldTown,4,1977,1980,4,2,1,14748,183700,Low/Medium Quality
Gilbert,7,1968,1919,5,3,3,16548,254900,High Quality
Edwards,4,1634,1913,3,1,1,1500,198600,Low/Medium Quality
Timber,6,1958,2010,3,3,2,12233,267000,Medium Quality
Edwards,4,1866,1918,4,2,2,16589,153600,Low/Medium Quality
BrkSide,4,1261,1997,4,2,1,14757,217300,Low/Medium Quality
Somerst,8,2695,1959,5,3,3,10120,324500,High Quality
OldTown,5,1963,1935,3,2,1,11897,204400,Low/Medium Quality
NoRidge,10,2239,1929,4,1,3,4600,373000,High Quality
Edwards,7,2582,1976,3,1,2,15609,251900,High Quality
NoRidge,7,2941,2000,4,3,2,8290,352800,High Quality
MeadowV,4,1970,1951,5,3,1,16896,158200,Low/Medium Quality
Somerst,5,2299,2001,3,3,2,17737,288200,Low/Medium Quality
BrDale,3,1469,1935,2,2,2,10277,118600,Low/Medium Quality
BrkSide,4,1038,1962,2,1,1,12900,160300,Low/Medium Quality
OldTown,3,794,1933,3,1,1,9828,140600,Low/Medium Quality
BrkSide,3,1529,1966,4,2,2,12904,171700,Low/Medium Quality
BrkSide,4,1412,1916,4,1,2,7808,163000,Low/Medium Quality
MeadowV,3,1119,1952,4,3,0,13416,118800,Low/Medium Quality
Gilbert,7,2138,1968,2,4,4,7531,246600,High Quality
OldTown,3,1655,1963,4,2,2,5905,184300,Low/Medium Quality
NoRidge,10,2191,1970,4,3,3,12955,377300,High Quality
OldTown,4,1462,1972,4,1,2,11184,161100,Low/Medium Quality
Timber,6,2508,1968,3,3,1,14969,294100,Medium Quality
OldTown,3,1063,1933,3,2,2,8852,154400,Low/Medium Quality
OldTown,7,2464,1925,4,2,2,20527,221200,High Quality
CollgCr,7,1990,1980,5,3,3,13542,241000,High Quality
CollgCr,6,2171,2010,3,2,2,14157,289600,Medium Quality
Edwards,3,1824,1984,4,2,2,13338,169500,Low/Medium Quality
BrkSide,5,2059,1972,3,1,1,16628,205300,Low/Medium Quality
CollgCr,4,1938,2010,4,2,2,14892,240300,Low/Medium Quality
OldTown,6,1576,2000,4,2,1,13699,198100,Medium Quality
MeadowV,5,2189,1955,5,3,3,15953,218900,Low/Medium Quality
Somerst,6,1681,1924,3,2,4,5975,282700,Medium Quality
Somerst,3,1530,1981,4,2,3,5806,270500,Low/Medium Quality
NoRidge,7,2250,1989,5,2,3,13233,369700,High Quality
OldTown,5,1969,1932,2,2,2,12246,208000,Low/Medium Quality
CollgCr,7,2277,2002,4,2,3,15583,259800,High Quality
BrkSide,6,1684,1997,4,2,2,12438,205400,Medium Quality
Edwards,3,967,1938,3,2,0,12970,145400,Low/Medium Quality
NWAmes,6,2285,1960,3,2,3,9210,291100,Medium Quality
IDOTRR,5,1865,1921,4,1,3,12692,176900,Low/Medium Quality
Edwards,3,1842,1921,3,1,1,7990,180600,Low/Medium Quality
Gilbert,6,1964,1937,3,3,1,14282,250000,Medium Quality
NWAmes,6,1488,1948,3,2,2,5402,260400,Medium Quality
Gilbert,5,2138,1938,4,2,1,14495,240500,Low/Medium Quality
Somerst,4,1490,1928,3,2,2,6838,257400,Low/Medium Quality
Somerst,6,2099,1961,3,2,1,11855,245800,Medium Quality
MeadowV,4,1393,1968,3,1,2,14918,136200,Low/Medium Quality
CollgCr,6,2555,1944,5,2,1,14905,230100,Medium Quality
NWAmes,5,1493,1966,5,3,1,6226,244100,Low/Medium Quality
Edwards,4,1501,1931,2,1,2,9648,193200,Low/Medium Quality
OldTown,4,1657,1979,4,2,1,7059,203800,Low/Medium Quality
MeadowV,5,1417,1971,2,1,2,5902,162300,Low/Medium Quality
BrkSide,4,1735,2007,4,2,1,12881,183200,Low/Medium Quality
CollgCr,5,2364,1914,3,2,1,15689,250300,Low/Medium Quality
NWAmes,6,1808,2001,3,2,0,14158,274000,Medium Quality
BrDale,2,1398,1937,3,1,0,13905,170300,Low/Medium Quality
Edwards,5,837,1909,3,1,3,10632,185800,Low/Medium Quality
BrDale,4,1606,1975,4,1,3,11255,189400,Low/Medium Quality
Somerst,6,1870,1930,4,1,2,8984,293500,Medium Quality
BrkSide,6,1693,1921,3,2,1,10845,188100,Medium Quality
OldTown,2,1638,2009,2,2,1,7651,169400,Low/Medium Quality
Somerst,4,1505,1936,4,1,2,9051,242000,Low/Medium Quality
OldTown,5,1737,1962,3,2,1,12785,177200,Low/Medium Quality
Edwards,5,1667,1924,4,1,2,11921,189300,Low/Medium Quality
NridgHt,8,1669,1934,3,3,2,23064,324200,High Quality
CollgCr,5,1403,1909,2,1,1,7095,243100,Low/Medium Quality
BrkSide,5,2136,1903,4,2,1,12834,203600,Low/Medium Quality
Gilbert,7,1421,1960,4,2,2,6858,273600,High Quality
CollgCr,6,1711,1956,4,4,1,11064,220400,Medium Quality
CollgCr,6,1840,1913,3,3,2,11465,284800,Medium Quality
Gilbert,3,2050,1946,3,1,1,16057,197600,Low/Medium Quality
MeadowV,5,2069,1930,5,2,2,11564,163800,Low/Medium Quality
BrkSide,6,1784,1964,3,3,3,11898,201800,Medium Quality
Somerst,7,2616,2010,4,1,2,12725,336300,High Quality
BrDale,3,1180,1976,3,1,2,6456,162800,Low/Medium Quality
IDOTRR,5,2153,2001,2,2,1,11023,194100,Low/Medium Quality
Gilbert,7,1684,1929,4,2,2,11031,235400,High Quality
BrkSide,6,2355,1925,4,2,2,13968,192200,Medium Quality
Somerst,5,1657,1994,4,1,3,14270,292500,Low/Medium Quality
BrDale,4,1260,1934,3,3,0,10698,165800,Low/Medium Quality
Edwards,5,1723,1995,3,1,2,11563,231200,Low/Medium Quality
OldTown,5,1897,1953,3,2,3,6771,214800,Low/Medium Quality
NoRidge,7,1986,1943,4,3,2,14861,295500,High Quality
IDOTRR,5,1993,1992,3,2,2,10550,175000,Low/Medium Quality
NridgHt,9,2315,1981,4,2,3,16244,392300,High Quality
Gilbert,6,2197,1996,4,1,2,18001,261400,Medium Quality
Somerst,7,2314,1961,5,2,3,12970,290500,High Quality
BrkSide,4,1598,1915,4,1,2,8614,158100,Low/Medium Quality
Timber,8,2185,1986,5,3,3,13311,330200,High Quality
IDOTRR,3,1493,1913,3,1,1,13206,156400,Low/Medium Quality
OldTown,4,1812,1974,3,2,1,11519,200100,Low/Medium Quality
NridgHt,8,3061,1966,5,3,2,13147,377700,High Quality
NridgHt,9,2848,2008,4,3,2,16668,401900,High Quality
StoneBr,6,2321,2010,4,3,2,15383,328700,Medium Quality
OldTown,3,2520,1946,3,1,1,12827,195500,Low/Medium Quality
BrkSide,2,1440,1999,2,1,1,6090,122100,Low/Medium Quality
Gilbert,6,2149,1920,4,2,2,14895,224800,Medium Quality
BrkSide,3,1686,1913,4,1,1,9686,161200,Low/Medium Quality
StoneBr,7,1806,2010,3,2,3,13362,394100,High Quality
BrkSide,5,1644,1965,4,2,1,12817,158800,Low/Medium Quality
MeadowV,3,1262,1949,3,1,2,4912,127800,Low/Medium Quality
Edwards,5,2026,1919,4,2,2,13335,205500,Low/Medium Quality
Edwards,4,1559,1933,4,2,2,13918,214900,Low/Medium Quality
BrkSide,5,1848,1977,4,2,2,14926,207700,Low/Medium Quality
StoneBr,8,2720,2010,5,3,3,14850,397600,High Quality
Timber,6,2282,2010,5,3,2,6643,293100,Medium Quality
Somerst,6,1923,1956,3,3,1,17315,261500,Medium Quality
CollgCr,7,1925,1959,3,3,3,14288,275700,High Quality
Edwards,5,2197,1919,3,2,2,9182,194600,Low/Medium Quality
OldTown,3,1710,1911,3,3,2,9662,186900,Low/Medium Quality
BrkSide,5,1237,1950,1,3,2,12283,153200,Low/Medium Quality
Somerst,5,1690,1975,3,3,1,14759,275600,Low/Medium Quality
Edwards,6,2037,1913,3,3,1,11366,204600,Medium Quality
Timber,8,2612,1956,5,2,3,17113,315900,High Quality
Gilbert,6,2298,1978,4,2,2,7321,238100,Medium Quality
Edwards,5,1899,1991,3,2,2,9149,193400,Low/Medium Quality
BrDale,4,1824,2003,4,2,2,5422,211200,Low/Medium Quality
OldTown,5,1822,1939,4,2,3,9503,199300,Low/Medium Quality
StoneBr,7,1924,1963,3,2,2,18126,346200,High Quality
OldTown,5,1708,1998,3,1,2,19618,189600,Low/Medium Quality
StoneBr,9,2526,1996,2,4,2,14873,379500,High Quality
IDOTRR,3,1427,1930,2,1,2,9619,129700,Low/Medium Quality
Edwards,4,960,1977,2,2,3,10144,181000,Low/Medium Quality
Timber,5,1660,1929,3,3,2,13976,265900,Low/Medium Quality
NoRidge,7,2179,1970,3,3,3,7887,364100,High Quality
Timber,4,1521,1945,3,3,2,10038,233900,Low/Medium Quality
BrDale,5,1713,2009,2,1,2,17448,189400,Low/Medium Quality
CollgCr,8,2510,1912,4,4,4,10360,304900,High Quality
BrkSide,6,1602,1996,4,3,3,9582,209800,Medium Quality
OldTown,3,870,1932,3,2,2,10786,148900,Low/Medium Quality
OldTown,5,1678,1905,3,3,2,13346,222100,Low/Medium Quality
Somerst,8,2607,1984,3,2,2,12026,298700,High Quality
MeadowV,3,2030,1974,3,1,1,13329,190600,Low/Medium Quality
Gilbert,6,2253,1923,4,3,2,15633,235700,Medium Quality
OldTown,2,746,1906,2,1,2,17357,149800,Low/Medium Quality
Edwards,5,1718,1914,3,2,2,11994,204900,Low/Medium Quality
OldTown,3,1529,1946,4,2,1,11913,160900,Low/Medium Quality
MeadowV,4,1682,1914,4,3,2,17710,141700,Low/Medium Quality
Somerst,4,1808,1989,3,1,2,10693,226900,Low/Medium Quality
CollgCr,6,1659,1917,4,3,1,7682,230200,Medium Quality
NWAmes,7,2182,1994,4,2,3,14239,289700,High Quality
CollgCr,5,1947,2005,3,2,3,16660,247800,Low/Medium Quality
Somerst,5,2088,1990,4,1,2,14439,280200,Low/Medium Quality
Somerst,4,1337,2010,3,1,2,11334,226400,Low/Medium Quality
Gilbert,5,1679,2010,2,2,2,7288,243900,Low/Medium Quality
Gilbert,5,853,1913,3,1,3,10501,191800,Low/Medium Quality
CollgCr,4,1402,1946,3,2,2,16120,226900,Low/Medium Quality
OldTown,5,1616,1985,3,2,1,7912,186500,Low/Medium Quality
OldTown,4,1263,1939,3,1,3,10669,158000,Low/Medium Quality
NWAmes,4,1677,1989,3,1,2,10997,224400,Low/Medium Quality
NWAmes,5,1780,1993,4,2,1,10118,226000,Low/Medium Quality
Veenker,8,1549,2010,3,2,2,12965,274800,High Quality
OldTown,5,1875,1938,4,2,2,14301,218800,Low/Medium Quality
Gilbert,5,1475,1946,4,2,2,13464,224300,Low/Medium Quality
NridgHt,9,2689,1923,3,3,3,10959,344300,High Quality
CollgCr,4,1171,1940,2,2,2,5581,209500,Low/Medium Quality
CollgCr,6,1990,1939,2,2,2,13898,276000,Medium Quality
Veenker,7,2060,1962,4,2,1,11349,277400,High Quality
OldTown,4,1726,1948,2,2,2,18886,215900,Low/Medium Quality
OldTown,5,1843,1996,4,1,1,19281,188500,Low/Medium Quality
Edwards,4,1530,1987,4,1,2,19027,201100,Low/Medium Quality
OldTown,5,1262,1982,4,2,1,8233,203800,Low/Medium Quality
OldTown,5,1282,1902,2,2,2,13556,184400,Low/Medium Quality
Gilbert,2,1055,1959,3,1,2,14158,172700,Low/Medium Quality
BrkSide,6,1977,1982,5,3,2,15608,199700,Medium Quality
OldTown,1,867,1928,4,1,1,9493,153400,Low/Medium Quality
CollgCr,5,2018,1955,4,1,1,17513,235700,Low/Medium Quality
OldTown,6,1882,1981,4,2,2,12765,232800,Medium Quality
NWAmes,5,1462,1995,2,2,2,12372,231500,Low/Medium Quality
CollgCr,4,1522,2002,4,1,2,6661,244300,Low/Medium Quality
Edwards,3,1519,1949,3,1,1,14294,146900,Low/Medium Quality
IDOTRR,5,1913,1943,4,2,2,11914,175400,Low/Medium Quality
MeadowV,2,1917,1942,3,1,2,14460,143500,Low/Medium Quality
CollgCr,7,1925,1982,3,2,2,13672,277500,High Quality
CollgCr,6,1954,1955,4,2,1,13541,258000,Medium Quality
BrkSide,3,1589,1946,4,2,2,12018,183600,Low/Medium Quality
Gilbert,5,1791,1926,4,2,3,15335,232200,Low/Medium Quality
BrkSide,3,1264,1954,3,1,1,10831,145900,Low/Medium Quality
CollgCr,7,1617,1935,2,2,2,7140,259600,High Quality
Somerst,7,1981,1969,5,2,2,14953,269100,High Quality
NoRidge,6,1604,2010,5,3,2,9376,355900,Medium Quality
BrkSide,4,1015,1987,3,1,2,6395,172500,Low/Medium Quality
StoneBr,7,1881,1972,3,3,3,9184,340800,High Quality
Gilbert,7,1793,2010,3,2,2,13577,275600,High Quality
NWAmes,4,1824,2010,4,3,3,12310,247700,Low/Medium Quality
Timber,8,2550,1960,5,3,2,6635,283900,High Quality
Gilbert,6,1663,1991,2,2,2,10983,233100,Medium Quality
Edwards,3,1348,1939,3,1,1,15788,184300,Low/Medium Quality
NridgHt,7,1509,2010,3,3,1,10438,342100,High Quality
BrkSide,3,1266,1943,4,1,2,10952,135400,Low/Medium Quality
BrkSide,3,1579,1930,3,3,3,15808,183500,Low/Medium Quality
NWAmes,6,2268,1922,3,2,2,16320,246600,Medium Quality
Somerst,5,1550,2004,4,2,2,15676,250100,Low/Medium Quality
OldTown,2,1628,1934,4,1,1,2552,142100,Low/Medium Quality
Somerst,6,1449,2001,3,1,2,17965,288500,Medium Quality
NWAmes,3,1003,1917,3,2,2,13233,161000,Low/Medium Quality
BrDale,3,1688,1955,3,1,3,20991,159100,Low/Medium Quality
BrDale,3,2024,1947,3,2,3,10309,184300,Low/Medium Quality
Edwards,3,1612,1950,4,1,2,6051,208000,Low/Medium Quality
Gilbert,8,2325,1926,4,3,2,13675,285000,High Quality
Edwards,5,1031,1910,3,3,2,10098,156900,Low/Medium Quality
Edwards,5,1092,1940,4,1,1,13471,201800,Low/Medium Quality
NWAmes,3,1485,1959,2,3,0,15732,183100,Low/Medium Quality
OldTown,4,1494,1989,3,2,1,11682,189600,Low/Medium Quality
NridgHt,8,1952,1971,4,3,2,12061,367700,High Quality
Veenker,5,1822,1940,3,2,2,14473,253600,Low/Medium Quality
CollgCr,7,2200,1937,4,3,1,12502,280600,High Quality
Somerst,5,2130,1979,4,2,2,12070,268400,Low/Medium Quality
Timber,6,2027,1959,3,3,2,16683,295400,Medium Quality
BrkSide,4,2049,2001,4,2,1,17507,167900,Low/Medium Quality
BrDale,4,1622,1948,3,3,1,16037,175100,Low/Medium Quality
OldTown,4,1579,1964,4,2,1,11569,175300,Low/Medium Quality
BrkSide,4,1992,1909,4,3,1,5494,203600,Low/Medium Quality
BrDale,4,1277,1921,3,2,2,11035,158700,Low/Medium Quality
Somerst,5,2785,2005,5,1,1,11917,318100,Low/Medium Quality
CollgCr,6,2111,1946,4,4,1,12767,268300,Medium Quality
NWAmes,6,2113,1954,3,2,2,10877,255800,Medium Quality
NoRidge,8,2523,1985,4,3,2,13973,387900,High Quality
Edwards,4,2276,1908,4,2,2,9914,213000,Low/Medium Quality
CollgCr,7,2437,1964,5,3,2,9391,293000,High Quality
CollgCr,6,1418,1947,4,2,1,16115,198700,Medium Quality
Somerst,6,2471,1928,5,3,2,10548,268300,Medium Quality
Timber,6,1860,1958,4,2,2,12721,302900,Medium Quality
IDOTRR,6,2017,1949,4,3,3,16374,180700,Medium Quality
StoneBr,6,1532,1940,2,2,2,15264,334000,Medium Quality
Gilbert,7,2344,1967,4,3,2,16469,287700,High Quality
Gilbert,3,1212,1990,3,1,3,12484,207300,Low/Medium Quality
CollgCr,6,2015,1938,4,2,2,15564,224100,Medium Quality
OldTown,6,1880,2008,4,2,2,17565,209800,Medium Quality
CollgCr,6,2653,1976,5,2,2,15793,322100,Medium Quality
NoRidge,8,3033,2006,4,3,3,8635,381200,High Quality
Gilbert,5,1816,1915,3,2,2,10782,220500,Low/Medium Quality
BrkSide,4,1642,1986,5,2,2,14721,174000,Low/Medium Quality
OldTown,4,1489,1939,4,3,2,9783,202600,Low/Medium Quality
OldTown,4,2007,1980,3,1,1,18684,193200,Low/Medium Quality
Edwards,4,1504,1990,3,2,2,11786,180500,Low/Medium Quality
Edwards,5,1652,1929,3,2,3,12602,223400,Low/Medium Quality
StoneBr,7,2502,1948,4,2,3,17940,370100,High Quality
NWAmes,5,1611,1914,4,2,2,11582,212300,Low/Medium Quality
OldTown,3,1426,1968,5,2,2,12468,154100,Low/Medium Quality
NWAmes,6,1426,1993,3,3,1,14998,261800,Medium Quality
BrkSide,5,2046,1947,4,2,2,7939,204600,Low/Medium Quality
CollgCr,6,2659,1926,3,3,3,13319,253000,Medium Quality
Edwards,6,2232,1936,3,3,3,16366,191400,Medium Quality
BrkSide,5,2311,1946,5,2,1,13851,186400,Low/Medium Quality
CollgCr,6,1683,2009,4,2,2,17501,241200,Medium Quality
IDOTRR,4,1702,1913,1,1,3,6888,135200,Low/Medium Quality
OldTown,4,1289,1939,4,2,2,5662,155300,Low/Medium Quality
BrkSide,4,1540,1972,5,2,3,14773,175000,Low/Medium Quality
NWAmes,8,2610,1934,3,2,2,17250,276100,High Quality
CollgCr,5,1835,2006,5,1,2,11993,289700,Low/Medium Quality
CollgCr,5,1305,2009,1,2,2,13011,240100,Low/Medium Quality
Somerst,7,1699,1953,4,2,3,15006,278800,High Quality
NWAmes,6,1496,1990,3,2,3,9143,261500,Medium Quality
MeadowV,2,1432,1983,1,2,1,9390,143800,Low/Medium Quality
OldTown,6,2702,1976,5,1,2,15068,244500,Medium Quality
Timber,6,2456,1932,5,2,3,17076,300100,Medium Quality
NWAmes,4,956,1913,3,2,2,6831,204600,Low/Medium Quality
Timber,8,2837,1950,5,3,2,13981,369700,High Quality
NridgHt,9,2847,1935,4,4,3,13839,406900,High Quality
MeadowV,2,719,1932,1,1,2,11900,104400,Low/Medium Quality
CollgCr,8,2233,1979,4,3,2,13435,296200,High Quality
Gilbert,6,2363,1972,5,3,2,11815,254100,Medium Quality
OldTown,4,1812,1925,4,2,1,16993,190300,Low/Medium Quality
NridgHt,10,2241,1922,2,3,2,11594,349500,High Quality
Gilbert,6,2193,1932,3,2,2,12363,236500,Medium Quality
Edwards,5,1051,1952,2,2,2,5531,186500,Low/Medium Quality
OldTown,4,1542,1987,2,2,1,9586,203800,Low/Medium Quality
BrDale,5,2198,1940,4,2,1,15202,200800,Low/Medium Quality
OldTown,5,1806,1933,4,1,1,13734,206900,Low/Medium Quality
CollgCr,6,1805,1969,2,3,2,14708,266400,Medium Quality
Edwards,4,1931,1909,4,3,0,14790,182300,Low/Medium Quality
IDOTRR,4,1961,1924,4,2,1,20228,162200,Low/Medium Quality
Edwards,4,2078,1906,3,1,0,10538,197400,Low/Medium Quality
BrDale,3,1746,1957,3,2,2,6824,189600,Low/Medium Quality
BrkSide,3,1818,1950,2,2,0,8959,171300,Low/Medium Quality
IDOTRR,5,2056,1964,3,1,2,10649,192000,Low/Medium Quality
Somerst,3,1532,1979,3,1,3,8653,278500,Low/Medium Quality
Edwards,5,1831,1945,4,1,3,12989,205500,Low/Medium Quality
CollgCr,5,1716,2004,4,2,1,16816,251900,Low/Medium Quality
OldTown,6,1555,2003,3,2,2,17498,218800,Medium Quality
OldTown,4,1285,1914,3,1,1,13335,163700,Low/Medium Quality
BrDale,5,1701,2001,4,2,1,19896,174000,Low/Medium Quality
BrDale,4,1704,1921,4,2,2,11160,178300,Low/Medium Quality
Gilbert,6,2484,1935,4,3,3,8254,269400,Medium Quality
Edwards,5,1785,1960,4,2,2,16256,235400,Low/Medium Quality
Edwards,4,1971,1905,3,1,1,6506,198800,Low/Medium Quality
NWAmes,7,2537,1948,4,2,3,11431,271200,High Quality
Somerst,5,1718,1933,4,2,0,14256,260900,Low/Medium Quality
StoneBr,8,2548,1973,4,3,2,13737,374000,High Quality
BrkSide,6,1894,1991,4,2,1,12119,234500,Medium Quality
CollgCr,7,2622,2010,4,2,2,10111,288500,High Quality
BrDale,6,2202,1923,4,2,2,13366,205200,Medium Quality
CollgCr,5,1383,1968,3,2,2,15278,237900,Low/Medium Quality
BrDale,3,1496,1952,3,3,1,12061,159300,Low/Medium Quality
NWAmes,4,2196,1953,3,1,2,10486,228300,Low/Medium Quality
BrkSide,5,1736,1971,4,2,2,8105,210300,Low/Medium Quality
NoRidge,8,2496,2010,4,4,2,11158,385000,High Quality
OldTown,5,1991,1946,4,2,2,14355,227200,Low/Medium Quality
BrkSide,3,1077,1909,2,1,2,12356,154100,Low/Medium Quality
MeadowV,5,1978,2000,5,3,2,10154,188000,Low/Medium Quality
BrkSide,3,952,2004,2,1,1,3166,177100,Low/Medium Quality
NridgHt,9,2301,1956,3,3,2,15072,359700,High Quality
NWAmes,9,2896,1963,4,3,3,11650,330200,High Quality
StoneBr,8,2464,2010,3,2,2,16339,392300,High Quality
Somerst,7,2053,1967,5,3,3,10459,316900,High Quality
Edwards,4,1776,1954,5,2,1,9094,194700,Low/Medium Quality
Edwards,2,1238,2003,4,2,1,12012,156900,Low/Medium Quality
BrkSide,4,1624,1993,3,2,1,20499,189700,Low/Medium Quality
IDOTRR,3,1669,1955,5,1,3,14959,177500,Low/Medium Quality
Edwards,3,1185,1919,3,2,1,11846,147000,Low/Medium Quality
BrkSide,7,2174,1950,4,3,2,14603,248400,High Quality
StoneBr,8,2230,1994,5,3,2,7331,373800,High Quality
Gilbert,6,1425,1937,4,3,2,7921,219700,Medium Quality
OldTown,4,1297,1961,5,2,1,2805,208200,Low/Medium Quality
BrkSide,4,2168,1974,4,2,2,19390,206300,Low/Medium Quality
NridgHt,9,2654,1930,4,3,0,19653,349500,High Quality
CollgCr,6,1516,1971,3,2,2,13406,237000,Medium Quality
Edwards,5,1260,1983,2,1,2,11992,218500,Low/Medium Quality
NridgHt,8,2300,1944,4,3,3,8169,401700,High Quality
NWAmes,5,2346,1968,5,2,3,12924,282300,Low/Medium Quality
IDOTRR,2,1194,1978,3,1,1,17661,167200,Low/Medium Quality
Edwards,2,1717,1906,3,2,2,12893,188600,Low/Medium Quality
Gilbert,5,1923,1978,3,2,1,10869,254200,Low/Medium Quality
BrkSide,5,1964,1930,4,2,2,6774,204800,Low/Medium Quality
NWAmes,4,1152,1951,4,2,1,16135,219400,Low/Medium Quality
BrkSide,4,1948,1973,4,2,1,12650,206400,Low/Medium Quality
Gilbert,6,1862,1908,4,1,2,6575,229500,Medium Quality
OldTown,2,1562,1903,3,2,2,8889,173500,Low/Medium Quality
NWAmes,5,1515,1957,4,2,2,7558,260200,Low/Medium Quality
Gilbert,6,2041,2010,1,2,3,12620,267500,Medium Quality
IDOTRR,5,1923,1900,4,2,1,13571,168200,Low/Medium Quality
Timber,5,1746,1998,6,2,3,10730,287600,Low/Medium Quality
NoRidge,8,2481,1929,3,4,2,16681,350700,High Quality
NWAmes,7,2066,1961,4,3,2,13407,242400,High Quality
Edwards,5,1572,1949,3,2,2,15862,215000,Low/Medium Quality
BrkSide,4,2181,1953,3,2,2,12111,193000,Low/Medium Quality
BrDale,4,1987,1909,4,2,2,23632,177600,Low/Medium Quality
Gilbert,5,1533,1990,4,2,1,10090,224400,Low/Medium Quality
NWAmes,6,2178,1938,4,2,3,10194,285100,Medium Quality
Somerst,6,1720,1996,4,2,3,8847,297500,Medium Quality
OldTown,5,1385,1974,3,2,1,11031,182800,Low/Medium Quality
BrDale,4,1981,1960,6,2,0,6943,155000,Low/Medium Quality
Edwards,6,1383,1935,3,2,2,12796,188300,Medium Quality
OldTown,5,2124,1973,4,2,2,6579,222900,Low/Medium Quality
NWAmes,7,2071,2010,2,2,2,13707,278400,High Quality
MeadowV,5,1725,2001,3,2,2,7720,190400,Low/Medium Quality
CollgCr,5,1943,2009,5,1,2,11551,266600,Low/Medium Quality
Somerst,4,1823,1936,2,1,1,14761,261900,Low/Medium Quality
NWAmes,7,1870,1972,2,2,2,20804,261800,High Quality
NoRidge,8,2591,1964,4,2,3,10408,384900,High Quality
Timber,4,1659,2010,4,2,2,11791,248000,Low/Medium Quality
NridgHt,7,1720,2010,3,2,1,9906,392400,High Quality
CollgCr,7,2100,2004,3,2,1,10155,272200,High Quality
OldTown,4,2103,1919,2,3,2,10703,198000,Low/Medium Quality
NWAmes,5,2386,1943,4,2,1,16656,261000,Low/Medium Quality
CollgCr,8,2591,1987,5,2,1,12473,288600,High Quality
BrDale,3,1023,1982,1,1,2,18918,155500,Low/Medium Quality
Edwards,4,1791,1940,4,2,2,14037,190800,Low/Medium Quality
OldTown,5,2097,1917,4,3,2,9658,185300,Low/Medium Quality
Gilbert,6,2233,1923,5,3,2,12182,263800,Medium Quality
IDOTRR,5,2074,1975,4,2,2,10341,166900,Low/Medium Quality
Gilbert,7,2287,1957,4,2,3,16374,308100,High Quality
Gilbert,6,1954,1962,4,2,2,7172,269400,Medium Quality
IDOTRR,5,1587,1989,4,2,0,7480,187000,Low/Medium Quality
CollgCr,6,1315,1910,2,3,2,9559,204100,Medium Quality
Edwards,5,1918,1984,2,2,2,15226,196100,Low/Medium Quality
OldTown,5,1865,1932,3,2,2,17045,223000,Low/Medium Quality
OldTown,5,1995,2004,4,2,2,17821,289300,Low/Medium Quality
Gilbert,7,1691,2010,4,2,3,14236,290900,High Quality
Gilbert,6,2205,1963,4,2,2,13119,281000,Medium Quality
Gilbert,6,2699,1942,5,2,3,17179,286800,Medium Quality
Somerst,5,1827,1937,4,2,3,8648,251300,Low/Medium Quality
IDOTRR,4,1598,1919,3,1,2,5739,183100,Low/Medium Quality
Gilbert,6,2088,2010,4,1,2,14704,247700,Medium Quality
OldTown,5,2511,1922,3,1,0,10502,182500,Low/Medium Quality
BrkSide,7,1801,1951,3,2,2,12373,191200,High Quality
BrkSide,4,1691,1954,4,2,1,12800,200100,Low/Medium Quality
CollgCr,6,1700,1983,1,2,2,13268,258300,Medium Quality
CollgCr,7,1968,2001,6,3,2,16218,279800,High Quality
BrDale,4,1602,1961,4,2,2,15116,175600,Low/Medium Quality
Edwards,7,2631,1985,4,3,3,14944,231200,High Quality
BrkSide,4,2250,1964,5,2,2,11952,192900,Low/Medium Quality
IDOTRR,4,1776,1948,3,1,3,12929,169200,Low/Medium Quality
BrkSide,3,1308,1919,3,2,2,9529,137200,Low/Medium Quality
Timber,6,2852,1934,4,1,1,14016,287400,Medium Quality
OldTown,5,1650,1949,5,2,1,21463,170600,Low/Medium Quality
Somerst,7,1960,1917,4,2,2,13557,288100,High Quality
OldTown,5,1178,1936,3,3,2,12931,191400,Low/Medium Quality
BrDale,6,2468,1950,5,2,1,11466,185800,Medium Quality
CollgCr,6,2318,1960,4,3,2,17206,267100,Medium Quality
CollgCr,5,2646,1998,4,1,2,16952,313900,Low/Medium Quality
NridgHt,10,2213,2010,5,3,2,16111,371600,High Quality
BrDale,5,2310,1980,6,2,2,14372,214800,Low/Medium Quality
Somerst,5,1824,1920,4,3,2,16267,260300,Low/Medium Quality
StoneBr,7,2442,1964,4,3,3,18334,380600,High Quality
Gilbert,4,1043,1988,3,2,1,12076,218600,Low/Medium Quality
NoRidge,9,3033,1986,6,4,3,14664,393400,High Quality
CollgCr,5,2075,1959,3,2,1,16280,253700,Low/Medium Quality
CollgCr,6,1966,1956,3,3,1,9767,258300,Medium Quality
Gilbert,6,2205,1952,3,2,1,10897,253700,Medium Quality
StoneBr,9,2252,1983,3,3,3,13317,351300,High Quality
Somerst,5,1597,1931,3,1,3,6099,281400,Low/Medium Quality
NWAmes,4,1457,1964,3,1,1,14810,239800,Low/Medium Quality
StoneBr,8,1691,1942,5,3,2,9011,320100,High Quality
Edwards,5,2101,1976,4,1,2,11551,208600,Low/Medium Quality
Veenker,7,2577,2008,3,3,3,13407,319800,High Quality
Gilbert,5,1554,1963,3,3,1,12245,210300,Low/Medium Quality
NWAmes,6,2101,1950,5,2,2,11999,223500,Medium Quality
NWAmes,5,1707,2010,4,1,1,12178,231800,Low/Medium Quality
NridgHt,7,2274,1993,4,2,2,13339,357500,High Quality
Somerst,5,1580,1959,3,1,3,10595,237700,Low/Medium Quality
IDOTRR,6,1670,1903,4,2,2,9633,183500,Medium Quality
NridgHt,9,2888,1922,4,3,2,18561,405300,High Quality
CollgCr,7,2137,1933,4,2,3,5908,290700,High Quality
CollgCr,7,2867,1935,6,3,2,14013,289000,High Quality
NWAmes,9,2536,1987,4,2,3,12430,271800,High Quality
CollgCr,4,1295,1964,2,3,3,13055,246400,Low/Medium Quality
BrkSide,4,2049,2010,4,1,2,8007,210300,Low/Medium Quality
BrkSide,4,1840,1961,3,2,1,10930,195600,Low/Medium Quality
Gilbert,5,2054,2007,3,3,3,12749,297900,Low/Medium Quality
Gilbert,4,2036,1968,4,2,2,16817,227700,Low/Medium Quality
Gilbert,5,1571,1947,4,2,2,13304,182000,Low/Medium Quality
CollgCr,4,1575,1987,3,2,2,8007,221500,Low/Medium Quality
Edwards,5,1739,1951,3,2,2,10771,208100,Low/Medium Quality
Gilbert,6,1528,1938,3,2,3,15157,244400,Medium Quality
NWAmes,6,1887,1960,3,3,2,8571,231000,Medium Quality
MeadowV,5,2267,1973,3,3,2,13258,173100,Low/Medium Quality
StoneBr,9,2603,1961,3,3,2,14174,369500,High Quality
CollgCr,5,1328,1986,5,2,2,10305,219000,Low/Medium Quality
Edwards,7,1615,2009,4,3,2,21665,231700,High Quality
Somerst,7,2742,1957,5,2,2,13039,299400,High Quality
StoneBr,6,1948,1952,4,2,2,14470,320600,Medium Quality
Somerst,5,1573,1956,4,1,2,9463,244200,Low/Medium Quality
MeadowV,2,1164,1992,3,1,1,13175,146900,Low/Medium Quality
NridgHt,8,1822,1940,4,4,3,15691,355500,High Quality
Timber,6,2478,2010,4,2,3,11898,313300,Medium Quality
NridgHt,7,2022,1966,4,2,2,12852,355200,High Quality
Somerst,9,2998,2004,5,3,3,11862,342100,High Quality
OldTown,5,1818,1988,3,1,2,8630,188100,Low/Medium Quality
Gilbert,7,2660,1994,3,2,2,17948,275500,High Quality
OldTown,3,1529,2001,3,2,0,10118,167900,Low/Medium Quality
OldTown,3,1738,1922,3,2,1,4028,208800,Low/Medium Quality
BrkSide,4,1871,1967,2,1,1,18920,165700,Low/Medium Quality
NridgHt,8,2558,1931,5,3,1,11308,356200,High Quality
BrkSide,2,1381,1934,4,1,2,10899,161100,Low/Medium Quality
OldTown,4,1538,1906,5,3,2,17819,170700,Low/Medium Quality
Somerst,6,2650,1987,4,2,2,13803,320900,Medium Quality
BrkSide,4,1302,1968,3,2,0,11032,163600,Low/Medium Quality
BrkSide,3,1441,1983,2,3,0,7583,163600,Low/Medium Quality
Gilbert,5,1805,1927,4,1,2,6888,251300,Low/Medium Quality
MeadowV,4,1760,1936,4,2,3,11937,207400,Low/Medium Quality
CollgCr,6,1829,1983,3,2,2,13927,288200,Medium Quality
OldTown,5,1910,1992,3,1,2,13889,207600,Low/Medium Quality
BrDale,5,1740,1997,2,2,1,10795,188300,Low/Medium Quality
NWAmes,5,1246,1916,4,2,2,11562,219900,Low/Medium Quality
BrkSide,4,1623,1946,3,2,3,5815,191900,Low/Medium Quality
Gilbert,6,1594,1909,3,2,2,13798,220200,Medium Quality
BrkSide,5,1192,1992,2,2,1,11948,200300,Low/Medium Quality
OldTown,4,1667,1915,3,2,3,19241,190100,Low/Medium Quality
Veenker,7,2330,2003,4,2,2,13686,310200,High Quality
NWAmes,7,2344,1925,4,2,3,10388,249500,High Quality
Gilbert,7,2358,1909,4,2,2,13538,266000,High Quality
NoRidge,10,2023,2010,5,3,4,11898,356100,High Quality
NridgHt,7,1683,1969,4,2,2,13887,332600,High Quality
NWAmes,6,2670,1954,5,2,2,14434,263600,Medium Quality
NridgHt,8,1973,1992,5,2,2,8536,368500,High Quality
Timber,6,2193,1942,4,2,2,7660,318300,Medium Quality
Edwards,4,1379,1977,3,2,2,12678,196300,Low/Medium Quality
Edwards,3,1467,1949,4,1,1,16774,196500,Low/Medium Quality
Edwards,5,1578,1931,4,3,3,12433,207900,Low/Medium Quality
Gilbert,5,1996,1951,4,2,2,15838,266600,Low/Medium Quality
IDOTRR,4,1667,1900,2,2,1,15878,192100,Low/Medium Quality
OldTown,4,1463,1935,3,2,0,12859,156100,Low/Medium Quality
Somerst,5,1432,1977,3,2,1,9013,238400,Low/Medium Quality
Somerst,7,2253,1927,5,2,3,14189,304700,High Quality
Edwards,5,1375,1915,3,2,1,15974,177600,Low/Medium Quality
Timber,7,2309,1984,5,2,2,15472,307200,High Quality
CollgCr,8,3259,1956,6,2,2,18136,309600,High Quality
BrDale,4,2092,1915,5,1,2,11565,170500,Low/Medium Quality
NridgHt,9,2771,2003,5,2,3,13833,429800,High Quality
NridgHt,7,2130,2006,3,3,2,12844,342400,High Quality
BrDale,3,761,1903,3,2,0,10342,136200,Low/Medium Quality
OldTown,6,1517,1924,3,3,2,16121,204200,Medium Quality
Somerst,5,2248,1952,3,3,2,5280,247600,Low/Medium Quality
IDOTRR,3,1163,1980,3,2,3,11432,146000,Low/Medium Quality
IDOTRR,4,1375,1908,4,2,3,11471,150000,Low/Medium Quality
OldTown,4,1562,1990,4,1,1,7323,197100,Low/Medium Quality
OldTown,3,1068,1937,5,2,1,13487,149000,Low/Medium Quality
Gilbert,5,1370,1921,3,2,1,9204,216800,Low/Medium Quality
StoneBr,9,2502,2010,6,4,4,12754,365600,High Quality
OldTown,4,1307,1911,3,2,2,18084,212400,Low/Medium Quality
Gilbert,4,1360,1922,3,3,2,15254,216600,Low/Medium Quality
Edwards,6,1706,2006,2,2,2,14422,225300,Medium Quality
BrkSide,5,1982,1959,5,3,3,14296,199900,Low/Medium Quality
NridgHt,7,2078,1971,3,3,3,12579,347700,High Quality
OldTown,3,1377,1977,3,1,2,18751,210800,Low/Medium Quality
Gilbert,5,2008,1977,5,2,2,15823,216800,Low/Medium Quality
IDOTRR,4,1570,1967,4,1,1,9516,173000,Low/Medium Quality
Gilbert,7,2062,1910,5,2,3,8223,240000,High Quality
OldTown,3,1604,1962,3,2,2,14191,172800,Low/Medium Quality
OldTown,4,1853,1932,4,2,2,12510,178200,Low/Medium Quality
NWAmes,6,1928,1996,4,2,2,7854,242800,Medium Quality
Edwards,2,1288,1957,4,2,2,13076,164500,Low/Medium Quality
Edwards,6,1706,1915,5,1,3,11470,158700,Medium Quality
OldTown,3,1138,1999,3,2,1,13133,163000,Low/Medium Quality
Edwards,5,2069,1933,5,2,2,14684,203700,Low/Medium Quality
BrDale,4,1775,1929,4,2,2,10421,150500,Low/Medium Quality
CollgCr,7,2319,2010,4,3,3,15852,321700,High Quality
CollgCr,6,2078,1994,4,3,2,11413,261200,Medium Quality
NridgHt,5,1816,2010,5,2,3,11116,338900,Low/Medium Quality
BrkSide,4,1863,1974,5,1,2,10863,185300,Low/Medium Quality
CollgCr,6,2307,2009,5,2,2,17572,279500,Medium Quality
NWAmes,5,2118,1920,4,2,3,12253,272700,Low/Medium Quality
NoRidge,8,2304,1986,4,2,2,18411,412300,High Quality
IDOTRR,5,2285,1932,4,2,2,19812,208200,Low/Medium Quality
NWAmes,6,2059,1951,5,2,1,10532,270700,Medium Quality
Edwards,4,1841,1928,4,1,2,2458,221000,Low/Medium Quality
Somerst,4,1718,1934,4,2,1,16091,249500,Low/Medium Quality
BrDale,4,1706,1948,3,1,2,11215,204700,Low/Medium Quality
Timber,7,1902,2010,3,2,2,9772,310800,High Quality
Timber,5,2045,1981,4,2,2,11029,281900,Low/Medium Quality
BrkSide,5,2795,1940,4,3,2,13138,230300,Low/Medium Quality
MeadowV,5,1668,1947,5,2,2,16876,144400,Low/Medium Quality
Veenker,7,2184,1971,4,2,1,13927,301400,High Quality
CollgCr,2,1103,1935,3,1,1,15698,169100,Low/Medium Quality
Edwards,3,1269,1959,2,2,2,13267,142400,Low/Medium Quality
IDOTRR,6,4500,1976,5,3,1,12957,145000,Medium Quality
NWAmes,5,1564,1934,4,2,2,10761,211100,Low/Medium Quality
CollgCr,3,1274,1973,4,2,0,13513,211400,Low/Medium Quality
Edwards,6,1424,1979,3,3,2,14719,206100,Medium Quality
Edwards,5,1534,1959,4,1,1,15556,193400,Low/Medium Quality
BrkSide,6,1382,1934,3,2,3,10848,180000,Medium Quality
OldTown,5,2021,1962,4,2,1,13655,218900,Low/Medium Quality
Somerst,7,3139,1999,5,2,1,17322,318900,High Quality
IDOTRR,5,1671,1924,3,1,2,10998,184000,Low/Medium Quality
IDOTRR,5,1216,1963,3,1,2,7459,148900,Low/Medium Quality
BrkSide,7,2474,1976,4,2,1,11126,229200,High Quality
NoRidge,9,2265,1956,4,3,3,12686,394000,High Quality
Veenker,5,2254,1955,4,2,0,15825,291700,Low/Medium Quality
Edwards,5,1701,1999,5,2,1,16808,187600,Low/Medium Quality
NridgHt,9,2298,1960,6,3,2,8849,364800,High Quality
BrDale,6,1917,1965,3,2,3,10743,188600,Medium Quality
NWAmes,5,2065,1924,3,3,3,11877,236600,Low/Medium Quality
Edwards,6,1900,2003,3,2,3,15581,201100,Medium Quality
IDOTRR,5,1626,1965,3,2,2,10403,179700,Low/Medium Quality
NWAmes,9,2450,1991,5,3,1,12395,304600,High Quality
Gilbert,5,1354,1974,4,1,2,6766,218400,Low/Medium Quality
OldTown,4,1758,1941,4,2,3,14207,192000,Low/Medium Quality
OldTown,4,994,1939,3,1,3,10423,167900,Low/Medium Quality
NWAmes,5,1644,1985,3,2,2,9998,261600,Low/Medium Quality
OldTown,3,1705,1996,3,1,1,11501,173000,Low/Medium Quality
MeadowV,1,1186,1914,3,1,1,15316,110400,Low/Medium Quality
CollgCr,5,2006,2002,2,1,3,9494,253000,Low/Medium Quality
Timber,7,2137,2003,3,2,1,10328,276400,High Quality
NWAmes,5,2209,1919,3,2,1,17800,251000,Low/Medium Quality
NWAmes,8,2663,1919,5,3,3,14591,285800,High Quality
Somerst,6,2136,1988,4,2,2,15616,288400,Medium Quality
Somerst,8,2664,2004,5,3,2,15734,344000,High Quality
Edwards,5,2062,1945,2,2,3,13000,236300,Low/Medium Quality
NWAmes,7,2006,1978,2,3,2,11792,237800,High Quality
BrDale,5,1329,2009,4,1,2,14568,196500,Low/Medium Quality
Gilbert,7,2307,1943,2,2,1,17682,268600,High Quality
NoRidge,8,2531,1945,5,4,4,17856,368400,High Quality
Edwards,5,2181,2010,2,2,2,9212,228300,Low/Medium Quality
IDOTRR,5,1472,1930,4,1,3,16511,145500,Low/Medium Quality
Gilbert,5,1482,1959,3,2,2,10711,259700,Low/Medium Quality
Timber,7,2320,1960,5,1,2,10997,308500,High Quality
Timber,9,2495,1969,6,3,2,13397,306200,High Quality
CollgCr,6,1319,1938,1,3,3,14546,235000,Medium Quality
CollgCr,6,2111,1983,4,2,3,15113,245100,Medium Quality
Gilbert,7,1511,1984,2,2,1,11128,244000,High Quality
StoneBr,9,2189,1942,4,3,3,16309,357200,High Quality
CollgCr,6,2453,1961,4,1,2,14395,252600,Medium Quality
BrDale,1,1718,1906,4,1,0,10430,149200,Low/Medium Quality
OldTown,5,1374,1926,2,2,2,9269,206100,Low/Medium Quality
CollgCr,3,1324,2010,4,1,1,13083,224100,Low/Medium Quality
Somerst,8,2354,1967,3,2,2,13419,300200,High Quality
Gilbert,6,2603,1976,5,1,1,9391,278600,Medium Quality
Gilbert,7,1987,2005,3,3,2,15939,271400,High Quality
Edwards,3,1273,1980,2,2,1,9865,151100,Low/Medium Quality
IDOTRR,2,1802,1987,5,2,1,18176,150400,Low/Medium Quality
IDOTRR,4,1488,1978,3,2,3,7065,172400,Low/Medium Quality
BrDale,4,1872,1954,5,2,2,12111,186600,Low/Medium Quality
BrDale,4,1102,1969,4,1,3,8754,168400,Low/Medium Quality
BrDale,4,1560,1931,3,2,2,8706,173000,Low/Medium Quality
NoRidge,10,2119,2010,4,3,2,11534,355400,High Quality
Somerst,7,1790,1931,4,2,3,18776,292400,High Quality
Gilbert,7,2453,2005,5,3,2,14407,284900,High Quality
OldTown,6,1962,1998,4,2,2,10153,266500,Medium Quality
NoRidge,10,2588,1936,4,4,3,7775,380700,High Quality
BrkSide,4,1357,1980,3,3,1,5689,183700,Low/Medium Quality
OldTown,2,1182,2010,3,2,2,9486,219800,Low/Medium Quality
OldTown,4,1725,1964,4,1,2,10232,195300,Low/Medium Quality
Timber,7,2504,1949,4,1,3,13223,306200,High Quality
Gilbert,4,701,2004,2,2,2,2449,193800,Low/Medium Quality
Somerst,6,1688,1968,3,2,3,12055,303800,Medium Quality
BrkSide,4,1675,1915,3,1,2,15947,159200,Low/Medium Quality
OldTown,6,1945,1929,2,3,1,18569,210400,Medium Quality
Edwards,5,1941,1977,3,1,3,6251,206200,Low/Medium Quality
Gilbert,6,2073,1958,5,2,1,10341,249300,Medium Quality
NWAmes,6,1873,1931,3,3,1,9756,216600,Medium Quality
NWAmes,6,1795,1995,4,2,2,13100,280800,Medium Quality
Edwards,5,1714,1915,1,2,3,8158,192200,Low/Medium Quality
BrkSide,3,1842,1926,4,2,2,18571,156900,Low/Medium Quality
Veenker,4,1363,1964,3,2,2,11878,275500,Low/Medium Quality
MeadowV,4,1598,1904,3,3,0,11764,140400,Low/Medium Quality
Somerst,7,2224,1954,4,3,2,19022,297800,High Quality
IDOTRR,6,2526,2000,4,2,1,13995,231900,Medium Quality
NoRidge,10,2594,2010,2,2,3,15589,409700,High Quality
Gilbert,8,2675,2003,5,2,1,11722,254200,High Quality
BrkSide,3,1871,1937,4,2,1,7945,189100,Low/Medium Quality
Timber,6,1957,1919,3,1,2,10777,271900,Medium Quality
NWAmes,6,1906,1997,3,2,3,20466,259200,Medium Quality
CollgCr,9,2404,1950,3,3,2,16023,295100,High Quality
Gilbert,7,2070,1990,4,3,3,14100,247400,High Quality
Edwards,6,2278,1915,5,2,2,10138,219400,Medium Quality
BrkSide,4,1700,1975,4,1,2,15589,167000,Low/Medium Quality
IDOTRR,3,1522,1964,2,2,1,7292,153000,Low/Medium Quality
NWAmes,7,1766,2009,4,3,3,7047,274100,High Quality
CollgCr,5,1461,1920,3,2,2,9965,252600,Low/Medium Quality
Gilbert,5,2550,1952,5,3,2,20940,247300,Low/Medium Quality
Gilbert,5,1737,2010,4,2,2,19116,275800,Low/Medium Quality
Somerst,8,2068,1954,1,3,2,11556,312400,High Quality
MeadowV,4,2120,1972,4,2,2,10880,178600,Low/Medium Quality
IDOTRR,1,1178,1917,2,1,1,5614,104100,Low/Medium Quality
BrkSide,5,2002,1982,3,3,1,13277,178300,Low/Medium Quality
CollgCr,5,1751,1939,3,2,2,13069,249700,Low/Medium Quality
CollgCr,6,1868,1971,4,3,2,115000,248600,Medium Quality
CollgCr,6,1920,2005,2,2,3,16027,296000,Medium Quality
OldTown,4,1136,1974,4,2,1,10581,159900,Low/Medium Quality
CollgCr,7,2129,1961,4,2,1,15204,254100,High Quality
Somerst,4,1723,1932,3,1,1,9993,249000,Low/Medium Quality
Somerst,6,2627,1949,3,3,3,16133,286800,Medium Quality
BrDale,5,1830,1993,3,2,3,10884,201100,Low/Medium Quality
CollgCr,5,983,1932,4,1,1,12574,234800,Low/Medium Quality
BrDale,2,1227,1972,2,2,2,12778,153400,Low/Medium Quality
Somerst,7,3118,1965,5,1,3,15476,325900,High Quality
OldTown,6,2283,1937,4,2,1,16346,217300,Medium Quality
Veenker,6,1696,1991,3,3,0,6895,242600,Medium Quality
Gilbert,3,1646,1947,2,2,1,8564,221900,Low/Medium Quality
NridgHt,9,2260,1952,4,3,3,12574,380000,High Quality
Somerst,4,1146,1970,3,1,3,6240,261500,Low/Medium Quality
MeadowV,4,1498,1983,2,2,1,10571,176800,Low/Medium Quality
Gilbert,5,1832,2003,4,2,3,11352,252500,Low/Medium Quality
OldTown,3,784,1971,3,2,0,15151,167300,Low/Medium Quality
CollgCr,5,1397,1981,3,3,2,12292,237200,Low/Medium Quality
NWAmes,5,1803,1994,4,2,2,16209,253100,Low/Medium Quality
OldTown,4,1477,1931,1,2,2,13009,173300,Low/Medium Quality
Timber,7,2298,1939,4,2,3,11721,308200,High Quality
BrDale,4,1194,1953,4,2,2,11856,156200,Low/Medium Quality
BrkSide,6,2229,1971,5,1,1,16010,246300,Medium Quality
Edwards,5,1385,1973,3,1,2,15946,229700,Low/Medium Quality
CollgCr,5,2374,1925,4,1,2,13284,275500,Low/Medium Quality
Somerst,5,1199,1997,2,3,1,5631,277500,Low/Medium Quality
MeadowV,2,877,1940,2,1,0,4741,92100,Low/Medium Quality
NWAmes,6,2126,2004,4,2,3,12109,246900,Medium Quality
StoneBr,7,2742,1999,4,2,2,6301,364800,High Quality
NWAmes,3,1550,2010,4,1,1,18382,224200,Low/Medium Quality
BrkSide,4,1817,1971,5,2,2,14723,190600,Low/Medium Quality
OldTown,3,1446,1960,3,1,2,9667,145700,Low/Medium Quality
Edwards,6,1620,1922,2,2,2,8356,219500,Medium Quality
BrkSide,2,1088,1945,2,1,0,14774,181800,Low/Medium Quality
Veenker,5,1375,2007,4,2,3,7852,297100,Low/Medium Quality
MeadowV,5,1352,1942,3,2,3,8140,192000,Low/Medium Quality
CollgCr,7,2300,1914,5,1,2,10919,275700,High Quality
OldTown,4,1226,1928,3,1,1,11851,151200,Low/Medium Quality
NridgHt,7,2271,1986,5,2,2,15714,363900,High Quality
BrDale,5,1344,1969,3,2,1,15862,211000,Low/Medium Quality
Gilbert,3,1543,2010,3,2,2,15743,221900,Low/Medium Quality
StoneBr,6,1808,2010,3,1,1,12618,325200,Medium Quality
CollgCr,5,2292,1967,3,2,2,17155,284900,Low/Medium Quality
Somerst,8,2453,1972,6,3,2,11557,330500,High Quality
Somerst,6,2412,2000,4,3,1,7450,277000,Medium Quality
OldTown,5,1535,1907,4,2,3,9721,184500,Low/Medium Quality
NWAmes,7,2179,1973,3,3,2,10536,262400,High Quality
MeadowV,7,1816,1952,3,2,2,10420,199500,High Quality
Gilbert,5,1655,1994,3,2,0,8952,254400,Low/Medium Quality
Edwards,5,1708,1990,4,1,1,10802,186100,Low/Medium Quality
CollgCr,8,2085,1981,3,1,3,15340,310300,High Quality
Edwards,3,1014,1974,2,2,2,17031,169000,Low/Medium Quality
OldTown,6,1485,1978,3,2,0,5931,235500,Medium Quality
CollgCr,5,981,1972,3,2,2,6454,234900,Low/Medium Quality
BrDale,4,1250,1925,4,1,2,8729,157800,Low/Medium Quality
NWAmes,5,2019,1939,4,3,3,15718,260100,Low/Medium Quality
Timber,5,4600,1993,4,2,1,10762,160000,Low/Medium Quality
Edwards,3,961,1970,3,2,0,8387,122700,Low/Medium Quality
BrkSide,5,2426,1928,3,2,1,16360,202100,Low/Medium Quality
StoneBr,9,2297,2010,3,4,2,16941,371500,High Quality
CollgCr,6,2092,2010,3,2,3,13118,251500,Medium Quality
IDOTRR,4,1844,1968,2,1,0,9831,169600,Low/Medium Quality
Edwards,5,2031,1927,4,1,2,14007,166000,Low/Medium Quality
BrDale,3,907,2003,3,3,2,9997,149700,Low/Medium Quality
CollgCr,7,2079,1935,4,3,2,12314,273600,High Quality
Edwards,6,1413,1949,1,2,3,10032,204600,Medium Quality
Gilbert,9,3376,2002,6,4,1,18989,313700,High Quality
MeadowV,4,1061,1957,2,2,1,11996,147400,Low/Medium Quality
NWAmes,5,1433,1934,5,1,3,15490,218400,Low/Medium Quality
Edwards,5,1435,1910,2,2,2,16547,183700,Low/Medium Quality
NWAmes,7,1636,1947,3,2,2,13878,252600,High Quality
OldTown,4,2093,1975,2,2,1,11413,182900,Low/Medium Quality
Edwards,4,2467,1980,4,2,2,17575,221800,Low/Medium Quality
CollgCr,6,1813,1933,3,2,1,14255,253200,Medium Quality
IDOTRR,3,977,1917,2,1,2,20065,136400,Low/Medium Quality
CollgCr,5,1017,1986,2,3,4,12119,286300,Low/Medium Quality
OldTown,5,1714,1919,4,2,2,14869,188900,Low/Medium Quality
NWAmes,7,2049,1915,4,2,2,14114,252300,High Quality
NWAmes,5,1572,1961,5,2,0,11797,218600,Low/Medium Quality
CollgCr,4,1697,1971,3,2,0,11488,213600,Low/Medium Quality
Somerst,4,1758,1938,4,2,3,13545,269200,Low/Medium Quality
NoRidge,6,2093,1944,3,3,1,15010,320900,Medium Quality
Edwards,3,1329,1927,3,2,1,15698,152300,Low/Medium Quality
OldTown,4,1234,1939,3,2,2,12548,163900,Low/Medium Quality
Edwards,3,1673,1903,4,2,3,10725,160200,Low/Medium Quality
NridgHt,7,2164,1922,5,2,2,12184,316500,High Quality
Gilbert,5,2110,1948,5,2,2,8589,240600,Low/Medium Quality
Timber,6,2256,1914,3,3,2,19326,296900,Medium Quality
BrkSide,6,1482,1937,4,2,2,10069,198200,Medium Quality
BrkSide,5,1298,1965,3,2,1,14982,209600,Low/Medium Quality
Gilbert,6,1715,1911,3,2,2,13397,252800,Medium Quality
Edwards,4,1250,1969,2,1,2,12563,190400,Low/Medium Quality
Somerst,6,2244,1980,3,2,3,13076,327900,Medium Quality
Gilbert,6,2102,1971,5,2,2,10446,259100,Medium Quality
Somerst,7,2544,1980,4,2,3,10698,311500,High Quality
Gilbert,5,1938,1997,4,1,1,18925,247800,Low/Medium Quality
Edwards,5,1873,1909,3,2,2,13144,223400,Low/Medium Quality
IDOTRR,2,1679,1918,5,2,1,16296,146300,Low/Medium Quality
Timber,7,2324,1946,5,3,2,18495,285200,High Quality
OldTown,5,1823,1977,3,2,2,11208,215500,Low/Medium Quality
Edwards,4,2138,1998,4,1,2,14758,196300,Low/Medium Quality
BrDale,6,2020,2001,4,3,4,13197,230300,Medium Quality
OldTown,3,1333,1966,3,1,2,7615,180700,Low/Medium Quality
Gilbert,6,1686,1953,3,2,3,11722,247600,Medium Quality
OldTown,4,1866,1947,4,2,2,14788,202900,Low/Medium Quality
Gilbert,6,2412,1914,5,2,3,12077,237500,Medium Quality
BrDale,4,1602,1951,2,2,1,11067,172000,Low/Medium Quality
NWAmes,6,2437,1964,3,2,3,13267,265700,Medium Quality
Edwards,6,1290,1924,3,3,1,18970,236500,Medium Quality
NridgHt,10,2680,2005,4,3,2,7940,404200,High Quality
NWAmes,6,1965,1997,5,3,2,14685,251000,Medium Quality
IDOTRR,5,1545,1933,4,3,3,11203,154400,Low/Medium Quality
OldTown,4,2454,2002,5,2,1,11665,237600,Low/Medium Quality
CollgCr,7,2136,1920,4,1,2,12299,261900,High Quality
MeadowV,3,1297,2000,3,2,2,13929,146100,Low/Medium Quality
BrkSide,6,1989,1986,2,2,2,15513,223700,Medium Quality
Gilbert,8,1639,1932,4,3,3,12929,273600,High Quality
OldTown,4,1354,1973,4,1,4,15532,204500,Low/Medium Quality
CollgCr,3,1784,1943,5,1,2,17008,230800,Low/Medium Quality
OldTown,4,1399,1989,3,3,1,14655,185100,Low/Medium Quality
NWAmes,7,1869,1925,3,2,1,10826,253300,High Quality
Gilbert,6,2438,1934,4,3,2,15606,269700,Medium Quality
MeadowV,4,2089,1933,4,2,1,14925,181100,Low/Medium Quality
MeadowV,5,1980,1921,2,2,2,10105,200900,Low/Medium Quality
BrkSide,5,1640,1938,4,2,2,6786,192300,Low/Medium Quality
BrDale,6,1896,1966,4,1,2,5712,186300,Medium Quality
Edwards,6,1698,1971,3,2,3,12640,212200,Medium Quality
Edwards,6,1631,1962,2,2,1,13305,214900,Medium Quality
Edwards,5,1434,1922,3,2,2,7731,153500,Low/Medium Quality
CollgCr,7,1943,1931,5,3,3,16547,237700,High Quality
CollgCr,5,1437,2010,5,2,2,12406,265300,Low/Medium Quality
Gilbert,5,1252,1935,3,1,3,16227,255000,Low/Medium Quality
OldTown,7,2236,1913,5,3,2,14768,198200,High Quality
Gilbert,6,2062,1957,4,2,3,9391,264100,Medium Quality
Gilbert,7,2755,1908,5,2,2,16113,268600,High Quality
OldTown,5,1566,1939,3,2,2,14477,186200,Low/Medium Quality
NWAmes,5,1903,2002,3,2,2,10889,258400,Low/Medium Quality
Veenker,6,2089,1942,3,2,3,8130,267000,Medium Quality
BrkSide,6,1891,1979,2,3,1,13133,188700,Medium Quality
BrkSide,5,2060,1955,5,2,1,9617,195700,Low/Medium Quality
Timber,4,1891,1951,3,2,2,16705,259000,Low/Medium Quality
NridgHt,8,2454,1993,3,2,0,12482,346700,High Quality
NWAmes,8,2250,1973,3,3,3,19536,300600,High Quality
BrkSide,4,1494,1937,3,1,2,4553,171500,Low/Medium Quality
BrkSide,2,781,1926,4,1,1,11033,128500,Low/Medium Quality
Somerst,9,2237,2010,6,2,2,18476,323300,High Quality
BrkSide,5,1582,1920,2,3,1,9047,179100,Low/Medium Quality
Somerst,6,1586,2010,3,3,2,11614,291000,Medium Quality
NWAmes,5,1953,1959,3,2,1,11495,224800,Low/Medium Quality
BrDale,5,2218,2009,5,3,1,11042,179600,Low/Medium Quality
Timber,6,1662,1950,4,3,1,13180,260500,Medium Quality
Somerst,8,2439,1974,4,2,2,9344,310400,High Quality
CollgCr,6,1618,1976,3,2,2,11847,233400,Medium Quality
OldTown,5,1693,1939,3,2,3,14191,174400,Low/Medium Quality
MeadowV,4,1378,1923,4,1,1,11003,155000,Low/Medium Quality
BrDale,4,1830,1957,4,2,2,9159,167900,Low/Medium Quality
NoRidge,9,2282,1993,4,3,2,17169,350200,High Quality
Somerst,5,2154,1940,2,1,1,15863,283600,Low/Medium Quality
BrkSide,3,1353,1986,3,1,0,8061,154500,Low/Medium Quality
Gilbert,6,1752,1978,5,2,1,7974,268000,Medium Quality
IDOTRR,5,1361,1918,4,3,1,8390,161900,Low/Medium Quality
Edwards,5,1888,2005,2,1,2,14684,218600,Low/Medium Quality
Somerst,7,2473,1916,4,2,3,14910,293100,High Quality
BrkSide,4,1715,1973,2,2,0,15195,133900,Low/Medium Quality
Timber,7,2943,1960,6,3,2,13744,296200,High Quality
CollgCr,6,2480,1980,4,2,1,10723,273300,Medium Quality
OldTown,4,1512,1987,3,3,1,15239,191600,Low/Medium Quality
CollgCr,5,1688,1984,3,2,3,10438,223900,Low/Medium Quality
Edwards,7,2324,1973,2,2,2,14300,234700,High Quality
OldTown,2,966,1994,2,2,1,5507,134800,Low/Medium Quality
BrDale,5,2208,1977,4,2,3,11421,212900,Low/Medium Quality
BrDale,2,1386,1989,4,2,2,15304,158500,Low/Medium Quality
CollgCr,6,2069,1953,2,1,1,10631,272600,Medium Quality
NoRidge,7,2400,1943,4,2,2,16650,373900,High Quality
Edwards,2,1862,1927,4,2,1,4565,177800,Low/Medium Quality
BrDale,5,1859,1967,2,3,2,10760,207600,Low/Medium Quality
Gilbert,5,1760,1966,4,1,2,11920,236100,Low/Medium Quality
CollgCr,3,1968,1917,4,2,1,19034,276700,Low/Medium Quality
CollgCr,7,2498,1931,5,2,2,9904,258300,High Quality
StoneBr,10,2587,2010,4,2,3,16522,387700,High Quality
Edwards,6,1981,1981,4,1,2,16661,235800,Medium Quality
NWAmes,6,2048,1991,4,1,3,10570,281500,Medium Quality
BrkSide,5,1926,1923,3,2,2,11544,205300,Low/Medium Quality
BrkSide,6,1505,1909,3,2,2,12505,202400,Medium Quality
BrkSide,6,1440,1934,3,3,3,6694,160400,Medium Quality
NWAmes,7,1849,2002,3,2,2,11105,296000,High Quality
Gilbert,4,1282,1963,4,1,1,16030,211800,Low/Medium Quality
Edwards,5,1574,1988,4,2,0,13977,213800,Low/Medium Quality
BrkSide,5,2022,1955,3,2,2,12495,168400,Low/Medium Quality
CollgCr,4,1560,1962,3,2,1,12515,235200,Low/Medium Quality
IDOTRR,5,1868,1966,5,2,2,14769,179000,Low/Medium Quality
Somerst,9,2091,2010,3,3,1,15885,319400,High Quality
IDOTRR,5,1638,1948,3,2,1,10328,180200,Low/Medium Quality
NoRidge,10,2905,1986,4,2,3,20181,412200,High Quality
Somerst,6,2188,2010,4,2,1,17983,268800,Medium Quality
OldTown,4,1366,1942,2,2,2,14102,176800,Low/Medium Quality
NoRidge,8,2396,2010,5,3,2,10841,371400,High Quality
StoneBr,7,2929,1978,4,2,2,11287,381000,High Quality
NridgHt,7,2153,2010,5,3,3,12162,386400,High Quality
CollgCr,7,1917,1960,3,4,3,13046,276900,High Quality
BrkSide,6,1919,1971,3,2,2,6648,190000,Medium Quality
NridgHt,7,2192,1956,5,3,2,15115,356900,High Quality
OldTown,6,1927,1971,4,3,2,17360,261700,Medium Quality
BrkSide,4,1609,1937,4,1,2,14235,211800,Low/Medium Quality
Timber,7,1654,1979,4,2,1,9941,225500,High Quality
Somerst,7,1823,1998,3,2,2,9865,289600,High Quality
IDOTRR,5,1747,1947,3,2,2,13543,199200,Low/Medium Quality
BrkSide,5,1742,1949,3,2,2,11947,192800,Low/Medium Quality
OldTown,6,1781,1937,4,2,1,14112,191200,Medium Quality
BrkSide,5,1738,1982,3,2,1,14582,192100,Low/Medium Quality
NoRidge,9,2541,1986,5,3,3,17903,397300,High Quality
NWAmes,5,2111,1964,4,2,3,9259,236200,Low/Medium Quality
Edwards,7,2125,1904,4,2,1,14025,234100,High Quality
Gilbert,6,2119,1920,4,1,2,11965,251200,Medium Quality
Edwards,5,1610,1902,3,2,3,11874,175100,Low/Medium Quality
CollgCr,4,1820,2002,3,1,2,15665,270300,Low/Medium Quality
Edwards,4,1751,1995,3,2,1,15907,166800,Low/Medium Quality
CollgCr,7,2463,1916,5,3,2,18820,266600,High Quality
NWAmes,6,2229,1913,3,2,2,14947,243700,Medium Quality
Veenker,4,1826,1998,3,1,2,12266,310600,Low/Medium Quality
Veenker,8,2305,1970,4,3,2,12724,300100,High Quality
Edwards,4,1705,1935,4,2,2,6338,148800,Low/Medium Quality
Somerst,8,2712,1979,4,2,2,19113,307400,High Quality
NoRidge,8,2111,1947,5,3,3,12095,368500,High Quality
Timber,7,1940,1933,3,3,2,14650,297900,High Quality
Timber,8,2403,1952,4,3,2,16182,349100,High Quality
BrkSide,3,1585,2000,3,1,2,7811,210200,Low/Medium Quality
NWAmes,4,1331,1992,2,3,3,8430,235500,Low/Medium Quality
BrDale,4,1593,1920,2,2,1,17600,147200,Low/Medium Quality
Somerst,7,2127,1973,3,3,3,14270,326700,High Quality
OldTown,3,664,1999,3,1,1,8295,148800,Low/Medium Quality
CollgCr,4,1543,2010,3,2,2,11643,231900,Low/Medium Quality
NWAmes,7,2104,1991,3,1,3,17009,270000,High Quality
IDOTRR,3,1383,1914,4,1,1,15036,122700,Low/Medium Quality
BrDale,4,2115,1926,5,2,3,8098,180500,Low/Medium Quality
IDOTRR,2,834,1924,4,1,2,16387,124500,Low/Medium Quality
Timber,6,1691,1928,3,3,1,15763,276000,Medium Quality
Veenker,6,1065,1932,2,2,2,10596,247800,Medium Quality
OldTown,6,1811,1936,5,2,3,8450,187400,Medium Quality
Gilbert,5,1661,1969,4,1,2,16011,211300,Low/Medium Quality
Edwards,7,1981,1945,3,2,1,14629,219800,High Quality
OldTown,4,2007,1948,4,2,2,7911,198100,Low/Medium Quality
OldTown,4,1921,1929,4,3,2,12029,181000,Low/Medium Quality
BrkSide,6,2007,1918,3,2,2,23955,197500,Medium Quality
Edwards,5,1670,2010,4,2,3,12397,220100,Low/Medium Quality
NridgHt,7,2519,1986,5,2,2,11441,394500,High Quality
StoneBr,8,2333,1945,3,3,2,10136,343400,High Quality
OldTown,6,1693,1991,3,3,3,18588,218400,Medium Quality
CollgCr,8,1739,2000,3,3,2,15445,296700,High Quality
Gilbert,5,1645,2010,3,1,3,17216,238100,Low/Medium Quality
CollgCr,6,2244,1926,3,1,1,14356,259000,Medium Quality
Edwards,5,2596,1972,5,2,2,18581,226500,Low/Medium Quality
BrkSide,3,1461,2009,3,2,2,8952,159400,Low/Medium Quality
OldTown,4,1352,1990,3,1,3,12273,194100,Low/Medium Quality
NWAmes,6,1565,1932,3,2,1,13134,234400,Medium Quality
Gilbert,7,2353,2006,3,3,2,18544,292200,High Quality
CollgCr,7,1542,1955,4,2,3,13199,241500,High Quality
Gilbert,5,1992,1961,5,3,1,10794,243200,Low/Medium Quality
OldTown,4,1906,1963,4,2,1,13036,216600,Low/Medium Quality
Edwards,5,1952,1986,3,1,2,7036,249000,Low/Medium Quality
NoRidge,7,2083,1934,4,2,2,5042,367200,High Quality
NridgHt,9,2717,1980,3,3,1,17343,363800,High Quality
Veenker,6,2039,2002,4,2,1,11766,297800,Medium Quality
IDOTRR,3,1167,1960,5,1,2,10419,143800,Low/Medium Quality
OldTown,3,2087,1932,4,3,0,16082,183300,Low/Medium Quality
Timber,8,2216,1918,4,2,2,18321,282900,High Quality
IDOTRR,4,1891,1960,4,2,1,14652,144900,Low/Medium Quality
CollgCr,8,1493,1986,5,2,3,18734,268800,High Quality
CollgCr,5,2246,1969,5,2,3,15251,282100,Low/Medium Quality
MeadowV,4,2134,2007,2,2,1,14325,193200,Low/Medium Quality
StoneBr,10,2710,1986,5,3,3,15261,403600,High Quality
Veenker,5,1995,1968,6,2,1,8490,278200,Low/Medium Quality
OldTown,2,1455,1908,4,1,1,15255,160500,Low/Medium Quality
Timber,8,2115,1973,3,3,4,4670,323400,High Quality
Edwards,4,1811,1920,4,1,1,10570,177900,Low/Medium Quality
Veenker,6,1696,1992,2,2,2,12472,284800,Medium Quality
NoRidge,7,1946,1938,5,3,2,10127,372500,High Quality
Veenker,7,2554,2010,3,3,3,12526,326100,High Quality
CollgCr,5,2141,1942,4,1,0,19719,247000,Low/Medium Quality
Timber,6,1732,1959,3,1,2,16328,276500,Medium Quality
Somerst,7,1903,1927,3,2,2,10405,274000,High Quality
BrkSide,3,1214,1925,4,2,1,9784,148200,Low/Medium Quality
Gilbert,5,2056,2009,4,1,2,8642,262200,Low/Medium Quality
NWAmes,5,1450,1939,3,2,3,14367,224800,Low/Medium Quality
StoneBr,6,2104,1976,3,2,1,12333,333000,Medium Quality
NWAmes,5,2061,2010,2,2,3,6239,249500,Low/Medium Quality
Gilbert,6,1949,1976,3,3,1,13250,254400,Medium Quality
OldTown,4,1973,1906,4,2,3,14482,203800,Low/Medium Quality
Veenker,6,1873,1952,4,2,2,16116,277200,Medium Quality
IDOTRR,4,1545,1942,3,1,1,11833,126700,Low/Medium Quality
MeadowV,3,1097,1930,4,2,1,9889,147700,Low/Medium Quality
NoRidge,9,2876,1947,4,2,2,21703,386900,High Quality
Somerst,8,2071,1967,4,2,2,13165,279900,High Quality
Somerst,6,2102,1953,3,2,1,15722,289100,Medium Quality
OldTown,5,1775,1934,4,3,2,10661,170600,Low/Medium Quality
Somerst,6,1611,1957,5,2,1,14636,280900,Medium Quality
BrkSide,5,1586,1939,2,2,1,7077,183900,Low/Medium Quality
Edwards,6,2464,1927,4,1,1,12310,177500,Medium Quality
BrkSide,5,1870,1951,5,2,1,8511,198200,Low/Medium Quality
CollgCr,4,1266,2010,2,2,1,9414,223700,Low/Medium Quality
BrDale,5,1906,1955,4,3,2,17188,181200,Low/Medium Quality
StoneBr,9,2468,1985,5,2,3,11792,368100,High Quality
NWAmes,5,3008,2010,5,2,3,17529,288000,Low/Medium Quality
Gilbert,7,2259,1975,4,3,1,18828,260300,High Quality
MeadowV,3,1306,1924,4,2,2,11515,113500,Low/Medium Quality
OldTown,3,1937,1945,5,1,2,16352,209200,Low/Medium Quality
BrkSide,5,1155,1955,3,4,2,13168,176300,Low/Medium Quality
Timber,4,1653,1964,3,1,2,12713,244100,Low/Medium Quality
BrDale,4,2318,1916,3,2,2,16262,167500,Low/Medium Quality
CollgCr,7,2119,1920,5,3,2,19677,281600,High Quality
CollgCr,4,1013,1947,2,2,1,8795,189200,Low/Medium Quality
BrDale,3,1301,2000,3,1,2,8244,168800,Low/Medium Quality
NWAmes,4,2129,1986,4,2,0,9695,227800,Low/Medium Quality
NWAmes,6,2111,2000,3,2,3,16702,261900,Medium Quality
OldTown,4,1326,1921,3,1,2,15604,153000,Low/Medium Quality
Somerst,8,2100,1957,6,4,2,11320,285600,High Quality
Gilbert,7,1964,1971,4,2,2,5451,265200,High Quality
Timber,7,2286,1959,4,3,2,11210,302400,High Quality
Somerst,6,2448,1957,5,2,3,15813,281400,Medium Quality
IDOTRR,5,2168,1939,4,2,4,13102,201100,Low/Medium Quality
OldTown,3,1599,1907,4,1,2,12829,186000,Low/Medium Quality
NWAmes,7,1693,2002,4,1,2,10554,233100,High Quality
NWAmes,4,1155,2010,3,2,2,14859,225300,Low/Medium Quality
CollgCr,7,2346,1917,3,2,3,14893,261400,High Quality
OldTown,6,1509,1947,2,3,1,14070,174800,Medium Quality
MeadowV,4,1541,1956,2,1,1,12638,166900,Low/Medium Quality
MeadowV,4,1726,1986,4,1,2,14287,168000,Low/Medium Quality
NWAmes,6,1581,2010,2,2,3,13767,236400,Medium Quality
NWAmes,2,901,1953,4,2,0,7553,205900,Low/Medium Quality
CollgCr,6,1947,1991,4,2,1,14199,279200,Medium Quality
OldTown,4,1796,2005,3,2,2,15362,166400,Low/Medium Quality
CollgCr,6,2351,2000,3,3,2,17744,254000,Medium Quality
Edwards,5,2012,1933,4,2,3,14480,219500,Low/Medium Quality
OldTown,4,1645,1991,3,1,1,8911,184300,Low/Medium Quality
Gilbert,4,1358,1953,2,1,3,8876,252800,Low/Medium Quality
NWAmes,5,1425,1909,4,3,1,10326,228900,Low/Medium Quality
NWAmes,6,1801,1991,4,1,1,13265,256400,Medium Quality
NoRidge,8,2483,2010,4,3,2,13538,358700,High Quality
Timber,7,2277,1949,4,2,1,9620,299900,High Quality
Edwards,6,1245,1951,3,2,2,7535,170600,Medium Quality
NWAmes,4,1345,1948,3,2,2,4345,243000,Low/Medium Quality
Veenker,7,2581,1925,3,2,2,3243,311600,High Quality
OldTown,6,2007,2010,5,2,1,12552,204100,Medium Quality
Edwards,2,764,1904,2,2,2,18648,154100,Low/Medium Quality
Gilbert,6,2804,1969,6,2,2,20896,320500,Medium Quality
BrkSide,4,1609,1903,3,1,2,8794,172200,Low/Medium Quality
MeadowV,4,1754,1975,4,2,2,13032,186500,Low/Medium Quality
OldTown,3,1579,2001,4,1,1,7031,173600,Low/Medium Quality
Edwards,4,1491,1972,4,2,0,7389,179700,Low/Medium Quality
StoneBr,10,2445,1986,3,4,3,9698,361800,High Quality
MeadowV,2,2002,1991,5,1,0,12214,160400,Low/Medium Quality
NWAmes,4,1971,2010,5,2,1,12303,244000,Low/Medium Quality
MeadowV,2,1547,1994,3,1,2,12978,190600,Low/Medium Quality
OldTown,7,2361,1927,4,3,1,16043,189700,High Quality
NridgHt,7,1808,1982,3,2,3,11436,348800,High Quality
StoneBr,8,2787,2010,4,3,2,14700,405000,High Quality
Edwards,4,1324,1934,4,2,2,7819,172300,Low/Medium Quality
OldTown,3,1539,1976,2,1,1,7372,172700,Low/Medium Quality
NridgHt,8,1766,1923,3,3,3,7285,335100,High Quality
Edwards,7,1445,1998,4,2,2,14162,198800,High Quality
BrkSide,6,2091,1969,4,3,2,11999,184600,Medium Quality
CollgCr,5,1516,1990,5,3,2,5483,236100,Low/Medium Quality
CollgCr,7,1463,1999,3,3,1,11705,240700,High Quality
NridgHt,7,2349,1945,4,3,1,9327,354500,High Quality
BrkSide,2,2002,1951,3,2,1,18815,160600,Low/Medium Quality
NWAmes,7,2646,2002,4,2,2,12266,281100,High Quality
IDOTRR,5,1709,1918,2,1,2,14803,168000,Low/Medium Quality
NWAmes,7,2163,1998,4,3,3,17137,279600,High Quality
OldTown,4,1930,1933,4,2,1,9517,177500,Low/Medium Quality
Gilbert,5,2192,1971,4,2,2,13650,236300,Low/Medium Quality
Somerst,7,2039,1968,3,2,2,15015,290600,High Quality
BrkSide,5,1811,1977,3,1,1,13026,217300,Low/Medium Quality
CollgCr,5,1905,2001,4,2,2,14073,262600,Low/Medium Quality
OldTown,3,1633,1940,2,1,1,7612,160900,Low/Medium Quality
BrDale,4,1573,1918,4,2,1,14085,160100,Low/Medium Quality
BrDale,5,1757,1946,5,3,2,10812,148600,Low/Medium Quality
BrkSide,3,1922,1969,5,2,1,14067,181200,Low/Medium Quality
Timber,7,2583,1994,3,3,2,17385,305500,High Quality
OldTown,5,1967,1984,3,1,2,15274,193400,Low/Medium Quality
IDOTRR,5,2401,1937,4,2,1,15022,180400,Low/Medium Quality
NWAmes,7,2024,2010,4,3,2,15295,266300,High Quality
NoRidge,7,2728,1930,3,3,2,16865,379400,High Quality
BrkSide,3,1629,1914,4,3,1,17492,185300,Low/Medium Quality
CollgCr,5,2944,1911,4,1,2,14768,256500,Low/Medium Quality
OldTown,6,1562,2003,5,2,3,12697,206000,Medium Quality
BrDale,4,1378,1919,3,1,2,15018,153100,Low/Medium Quality
OldTown,4,1766,1968,4,2,1,10815,203300,Low/Medium Quality
CollgCr,4,1759,1998,2,2,1,7844,245300,Low/Medium Quality
NWAmes,8,3022,1992,4,2,3,16770,313100,High Quality
NWAmes,7,1926,2010,4,3,0,12130,270600,High Quality
Somerst,7,2476,1917,5,2,3,9725,286400,High Quality
BrkSide,6,2386,1946,3,2,1,15523,241100,Medium Quality
BrkSide,5,2046,1957,4,1,1,18100,201000,Low/Medium Quality
Gilbert,5,1463,1984,2,2,1,6221,216900,Low/Medium Quality
Gilbert,5,2292,1976,4,1,3,17162,260000,Low/Medium Quality
IDOTRR,4,2050,1961,4,2,3,4220,212600,Low/Medium Quality
NridgHt,10,2909,1954,4,3,3,13416,396000,High Quality
CollgCr,7,2231,1920,4,2,2,19903,287900,High Quality
CollgCr,5,1879,1956,3,3,1,11608,235200,Low/Medium Quality
Edwards,5,1772,1930,3,2,2,12858,182700,Low/Medium Quality
Somerst,5,2024,1972,5,3,1,15718,280300,Low/Medium Quality
Edwards,6,1990,1989,4,2,1,6972,200500,Medium Quality
NWAmes,5,1503,1968,2,2,2,12258,250400,Low/Medium Quality
OldTown,5,1432,1966,3,2,2,12088,198300,Low/Medium Quality
StoneBr,9,2256,1924,3,3,3,20030,348800,High Quality
CollgCr,6,2057,1979,3,3,1,8788,262300,Medium Quality
CollgCr,6,1970,1957,5,2,2,11604,252300,Medium Quality
Veenker,6,2055,1926,4,3,1,9860,282800,Medium Quality
Somerst,6,2155,1935,5,2,2,9689,312400,Medium Quality
Timber,6,1760,1997,3,3,2,16465,275600,Medium Quality
NWAmes,5,2312,2008,4,2,1,13717,270000,Low/Medium Quality
NoRidge,10,2606,1976,5,4,3,12267,395800,High Quality
MeadowV,4,1468,2007,1,2,2,10123,174800,Low/Medium Quality
NWAmes,5,1968,1927,4,3,1,10964,233200,Low/Medium Quality
BrkSide,4,977,1934,3,1,1,9295,143500,Low/Medium Quality
BrDale,5,1523,2002,4,1,2,7620,195000,Low/Medium Quality
NoRidge,9,2863,1940,5,2,2,13820,377900,High Quality
OldTown,5,1191,1974,2,1,2,10124,170400,Low/Medium Quality
IDOTRR,4,2011,1924,5,1,1,10369,190900,Low/Medium Quality
OldTown,5,2328,1938,4,2,1,14198,208800,Low/Medium Quality
CollgCr,5,1670,1961,3,2,3,13179,247400,Low/Medium Quality
CollgCr,6,2082,1948,4,2,2,11215,287800,Medium Quality
NridgHt,9,2911,2010,4,3,2,14317,367800,High Quality
OldTown,6,1816,2009,5,2,2,20187,241400,Medium Quality
BrDale,3,1743,1955,4,3,1,19907,149900,Low/Medium Quality
BrDale,3,1205,1957,3,1,1,7720,154800,Low/Medium Quality
StoneBr,8,2172,1926,5,2,2,10143,338900,High Quality
Edwards,7,1880,1927,4,3,1,9052,193400,High Quality
Gilbert,3,1559,1912,4,1,2,15817,234700,Low/Medium Quality
IDOTRR,4,2025,1994,5,3,1,11655,219000,Low/Medium Quality
StoneBr,6,1915,1945,4,2,2,13668,325700,Medium Quality
MeadowV,3,995,1937,3,2,1,17979,141600,Low/Medium Quality
BrkSide,4,1241,1994,4,2,4,11445,193200,Low/Medium Quality
Somerst,6,2118,1990,4,2,2,15707,318400,Medium Quality
StoneBr,7,2805,1988,4,2,1,16431,327300,High Quality
BrkSide,4,1757,1906,5,2,1,10455,182600,Low/Medium Quality
Somerst,6,1844,1973,5,3,3,16395,268400,Medium Quality
OldTown,3,1708,1963,3,1,2,9442,140800,Low/Medium Quality
MeadowV,5,1716,1935,3,1,1,17121,164900,Low/Medium Quality
OldTown,5,1667,1983,5,1,3,10277,239900,Low/Medium Quality
NWAmes,7,1824,2010,4,3,3,10975,261300,High Quality
CollgCr,4,2112,1937,4,2,2,9414,260800,Low/Medium Quality
StoneBr,8,1451,1956,3,3,2,8667,356300,High Quality
BrDale,5,2079,1935,4,1,2,11664,192300,Low/Medium Quality
Gilbert,4,1457,1999,3,1,2,3404,234000,Low/Medium Quality
Timber,6,1836,1920,3,2,2,11855,239600,Medium Quality
Gilbert,5,2392,2006,4,2,1,12006,249400,Low/Medium Quality
BrDale,6,1730,1985,4,2,2,15225,216100,Medium Quality
NoRidge,10,2461,1974,4,3,4,15402,397100,High Quality
IDOTRR,2,1214,1964,4,3,2,8951,153100,Low/Medium Quality
Edwards,8,2484,2000,5,3,3,12363,260400,High Quality
BrkSide,3,1285,1986,4,2,2,10748,213400,Low/Medium Quality
BrDale,5,1249,1930,3,2,2,16698,160600,Low/Medium Quality
BrkSide,6,1677,1907,4,1,2,9475,223600,Medium Quality
MeadowV,3,1888,1972,4,1,2,10256,174200,Low/Medium Quality
Somerst,7,2186,1928,3,1,3,9421,321500,High Quality
BrkSide,4,1777,1911,4,2,2,7366,160200,Low/Medium Quality
OldTown,5,1708,2010,4,2,1,13490,205900,Low/Medium Quality
OldTown,5,1569,1954,5,1,2,12848,186600,Low/Medium Quality
IDOTRR,6,2567,1971,5,3,2,18623,220200,Medium Quality
BrDale,4,1554,1923,4,1,1,15752,184700,Low/Medium Quality
Edwards,4,1464,1913,3,1,4,20317,193700,Low/Medium Quality
CollgCr,7,2543,1915,4,3,1,13827,295600,High Quality
CollgCr,7,1907,1947,3,2,3,11902,259500,High Quality
NWAmes,7,1951,1908,2,3,2,8351,238500,High Quality
NWAmes,5,1803,1954,3,2,2,15044,241700,Low/Medium Quality
NWAmes,4,1620,1943,3,1,3,12654,230700,Low/Medium Quality
NoRidge,7,2250,1978,2,3,1,15779,348400,High Quality
NoRidge,7,2892,1985,4,3,2,10797,358800,High Quality
BrkSide,5,1917,1935,3,2,2,14064,220100,Low/Medium Quality
CollgCr,7,1327,1959,3,2,2,12372,246000,High Quality
MeadowV,4,1734,1908,3,2,2,12954,189700,Low/Medium Quality
OldTown,6,1993,1935,3,3,2,10594,210300,Medium Quality
NridgHt,10,2715,2010,6,3,3,18592,420000,High Quality
Somerst,7,2246,2010,4,2,1,20668,307500,High Quality
Veenker,5,1789,1966,3,1,1,8691,253400,Low/Medium Quality
BrDale,6,1961,2003,4,3,2,15443,216100,Medium Quality
Veenker,6,2194,1968,4,2,1,3315,322600,Medium Quality
CollgCr,6,1790,1922,3,2,3,14920,260400,Medium Quality
MeadowV,4,1288,1995,2,3,1,5030,178400,Low/Medium Quality
BrDale,3,2498,1945,5,1,1,12158,197500,Low/Medium Quality
Gilbert,4,1369,1975,3,3,2,7142,230600,Low/Medium Quality
StoneBr,9,2555,1991,3,3,2,13355,383300,High Quality
Somerst,5,1276,1945,3,2,1,14487,252400,Low/Medium Quality
NoRidge,10,2740,2001,4,3,4,7979,422400,High Quality
Timber,5,1473,1967,2,1,1,10687,231500,Low/Medium Quality
OldTown,3,1285,1942,3,2,1,9773,167000,Low/Medium Quality
MeadowV,5,2165,1932,4,2,2,18863,185100,Low/Medium Quality
OldTown,6,2145,1984,4,3,2,14801,216100,Medium Quality
OldTown,5,1998,1929,5,2,2,8875,224500,Low/Medium Quality
Timber,7,1540,1925,4,1,2,10430,257900,High Quality
BrkSide,2,1902,1998,5,1,1,18250,155300,Low/Medium Quality
OldTown,4,1202,1938,5,3,2,13904,186800,Low/Medium Quality
IDOTRR,3,1974,1970,4,1,2,9734,151300,Low/Medium Quality
MeadowV,2,1617,1978,3,2,1,11299,117600,Low/Medium Quality
NWAmes,6,2182,2000,5,2,3,12541,289700,Medium Quality
NoRidge,5,1500,1989,3,2,1,10117,319600,Low/Medium Quality
Veenker,5,1853,1990,4,2,2,6720,287800,Low/Medium Quality
CollgCr,5,1635,2001,3,2,1,9898,239700,Low/Medium Quality
MeadowV,3,1450,2003,4,3,1,16762,135200,Low/Medium Quality
NWAmes,6,1892,1913,3,2,1,11449,218200,Medium Quality
